"devMac","devName","devOwner","devType","devVendor","devFavorite","devGroup","devComments","devFirstConnection","devLastConnection","devLastIP","devStaticIP","devScan","devLogEvents","devAlertEvents","devAlertDown","devSkipRepeated","devLastNotification","devPresentLastScan","devIsNew","devLocation","devIsArchived","devParentMAC","devParentPort","devIcon","devGUID","devSite","devSSID","devSyncHubNode","devSourcePlugin","devCustomProps","devFQDN","devParentRelType","devReqNicsOnline"
"0c:ea:14:31:8f:a5","Sendto","","","(Unknown) (802.1Q VLAN=14)","0","","","2025-09-07 22:36:10-04:00","2025-09-10 01:57:47","192.168.50.2","0","1","1","1","0","0","2025-09-08 21:15:30-04:00","1","1","","0","","","PGkgY2xhc3M9ImZhIGZhLWNvbXB1dGVyIj48L2k+","05038bd5-47c0-4aab-8239-4720fc76f856","","","","ARPSCAN","W1t7IkNVU1RQUk9QX2ljb24iOiJQR2tnWTJ4aGMzTTlJbVpoY3lCbVlTMTBjbUZ6YUMxaGJIUWlQand2YVQ0PSJ9LHsiQ1VTVFBST1BfdHlwZSI6ImRlbGV0ZV9kZXYifSx7IkNVU1RQUk9QX25hbWUiOiIifSx7IkNVU1RQUk9QX2FyZ3MiOiJEZWxldGUgZGV2aWNlIn0seyJDVVNUUFJPUF9ub3RlcyI6IiJ9LHsiQ1VTVFBST1Bfc2hvdyI6dHJ1ZX1dXQ==","Sendto","[]","0"
"2c:f0:5d:3f:8d:ef","gothammoore","","","Micro-Star INTL CO., LTD.","0","","","2025-09-07 22:36:10-04:00","2025-09-10 01:57:47","192.168.50.16","0","1","1","1","0","0","2025-09-08 17:03:11-04:00","1","1","","0","d0:21:f9:bd:98:03","4","PGkgY2xhc3M9ImZhIGZhLWNvbXB1dGVyIj48L2k+","7b019600-eb45-468f-a29a-635cc52e8fb0","","","","ARPSCAN","W1t7IkNVU1RQUk9QX2ljb24iOiJQR2tnWTJ4aGMzTTlJbVpoY3lCbVlTMTBjbUZ6YUMxaGJIUWlQand2YVQ0PSJ9LHsiQ1VTVFBST1BfdHlwZSI6ImRlbGV0ZV9kZXYifSx7IkNVU1RQUk9QX25hbWUiOiIifSx7IkNVU1RQUk9QX2FyZ3MiOiJEZWxldGUgZGV2aWNlIn0seyJDVVNUUFJPUF9ub3RlcyI6IiJ9LHsiQ1VTVFBST1Bfc2hvdyI6dHJ1ZX1dXQ==","gotham.moore.lan.","[]","0"
"da:fe:9f:b5:2a:16","atl-jumpbox1moore","","","(Unknown: locally administered)","0","","","2025-09-07 22:36:10-04:00","2025-09-10 01:57:47","192.168.50.18","0","1","1","1","0","0","2025-09-08 17:03:11-04:00","1","1","","0","78:45:58:d1:c9:3f","9","PGkgY2xhc3M9ImZhIGZhLWNvbXB1dGVyIj48L2k+","977fb8a0-3397-4a33-b67c-9157969698cc","","","","ARPSCAN","W1t7IkNVU1RQUk9QX2ljb24iOiJQR2tnWTJ4aGMzTTlJbVpoY3lCbVlTMTBjbUZ6YUMxaGJIUWlQand2YVQ0PSJ9LHsiQ1VTVFBST1BfdHlwZSI6ImRlbGV0ZV9kZXYifSx7IkNVU1RQUk9QX25hbWUiOiIifSx7IkNVU1RQUk9QX2FyZ3MiOiJEZWxldGUgZGV2aWNlIn0seyJDVVNUUFJPUF9ub3RlcyI6IiJ9LHsiQ1VTVFBST1Bfc2hvdyI6dHJ1ZX1dXQ==","atl-jumpbox1.moore.lan.","[]","0"
"0e:0f:53:a0:84:e9","guacmoore","","","(Unknown: locally administered)","0","","","2025-09-07 22:36:10-04:00","2025-09-10 01:57:47","192.168.50.107","0","1","1","1","0","0","2025-09-08 17:03:11-04:00","1","1","","0","78:45:58:d1:c9:3f","9","PGkgY2xhc3M9ImZhIGZhLWNvbXB1dGVyIj48L2k+","84ce6312-0fc3-465f-8bce-481a9817c81c","","","","ARPSCAN","W1t7IkNVU1RQUk9QX2ljb24iOiJQR2tnWTJ4aGMzTTlJbVpoY3lCbVlTMTBjbUZ6YUMxaGJIUWlQand2YVQ0PSJ9LHsiQ1VTVFBST1BfdHlwZSI6ImRlbGV0ZV9kZXYifSx7IkNVU1RQUk9QX25hbWUiOiIifSx7IkNVU1RQUk9QX2FyZ3MiOiJEZWxldGUgZGV2aWNlIn0seyJDVVNUUFJPUF9ub3RlcyI6IiJ9LHsiQ1VTVFBST1Bfc2hvdyI6dHJ1ZX1dXQ==","guac.moore.lan.","[]","0"
"e0:db:55:03:07:b4","idracmoore","","Desktop","Dell Inc.","0","","","2025-09-07 22:36:10-04:00","2025-09-10 01:57:47","192.168.50.199","0","1","1","1","0","0","2025-09-08 17:03:11-04:00","1","1","","0","78:45:58:d1:c9:3f","17","PGkgY2xhc3M9ImZhIGZhLWRlc2t0b3AiPjwvaT4=","8b56ae12-5f1c-4c4c-b97d-150381755d5c","","","","ARPSCAN","W1t7IkNVU1RQUk9QX2ljb24iOiJQR2tnWTJ4aGMzTTlJbVpoY3lCbVlTMTBjbUZ6YUMxaGJIUWlQand2YVQ0PSJ9LHsiQ1VTVFBST1BfdHlwZSI6ImRlbGV0ZV9kZXYifSx7IkNVU1RQUk9QX25hbWUiOiIifSx7IkNVU1RQUk9QX2FyZ3MiOiJEZWxldGUgZGV2aWNlIn0seyJDVVNUUFJPUF9ub3RlcyI6IiJ9LHsiQ1VTVFBST1Bfc2hvdyI6dHJ1ZX1dXQ==","idrac.moore.lan.","[]","0"
"00:0c:29:c7:13:70","graylogmoore","","VM","VMware, Inc.","0","","","2025-09-07 22:36:10-04:00","2025-09-10 01:57:47","192.168.50.198","0","1","1","1","0","0","2025-09-08 17:03:11-04:00","1","1","","0","78:45:58:d1:c9:3f","9","PGkgY2xhc3M9ImZhIGZhLXNlcnZlciI+PC9pPg==","185f2cea-0568-4ea6-9021-90a5a1b854d1","","","","ARPSCAN","W1t7IkNVU1RQUk9QX2ljb24iOiJQR2tnWTJ4aGMzTTlJbVpoY3lCbVlTMTBjbUZ6YUMxaGJIUWlQand2YVQ0PSJ9LHsiQ1VTVFBST1BfdHlwZSI6ImRlbGV0ZV9kZXYifSx7IkNVU1RQUk9QX25hbWUiOiIifSx7IkNVU1RQUk9QX2FyZ3MiOiJEZWxldGUgZGV2aWNlIn0seyJDVVNUUFJPUF9ub3RlcyI6IiJ9LHsiQ1VTVFBST1Bfc2hvdyI6dHJ1ZX1dXQ==","graylog.moore.lan.","[]","0"
"b8:ca:3a:68:93:64","Sendto","","Desktop","Dell Inc.","0","","","2025-09-07 22:36:10-04:00","2025-09-10 01:57:47","192.168.50.200","0","1","1","1","0","0","2025-09-08 17:03:11-04:00","1","1","","0","78:45:58:d1:c9:3f","19","PGkgY2xhc3M9ImZhIGZhLWRlc2t0b3AiPjwvaT4=","b7943854-0a58-4be2-b796-d030a51f0d11","","","","ARPSCAN","W1t7IkNVU1RQUk9QX2ljb24iOiJQR2tnWTJ4aGMzTTlJbVpoY3lCbVlTMTBjbUZ6YUMxaGJIUWlQand2YVQ0PSJ9LHsiQ1VTVFBST1BfdHlwZSI6ImRlbGV0ZV9kZXYifSx7IkNVU1RQUk9QX25hbWUiOiIifSx7IkNVU1RQUk9QX2FyZ3MiOiJEZWxldGUgZGV2aWNlIn0seyJDVVNUUFJPUF9ub3RlcyI6IiJ9LHsiQ1VTVFBST1Bfc2hvdyI6dHJ1ZX1dXQ==","Sendto","[]","0"
"18:60:24:82:a6:24","Xen Orchestra","","Server","Hewlett Packard","0","","","2025-09-07 22:36:10-04:00","2025-09-10 01:57:47","192.168.50.201","0","1","1","1","0","0","2025-09-08 21:15:30-04:00","1","1","","0","78:45:58:d1:c9:3f","1","PGkgY2xhc3M9ImZhIGZhLWRlc2t0b3AiPjwvaT4=","208ce7f7-f5a4-4096-8787-a75565d8b710","","","","ARPSCAN","W1t7IkNVU1RQUk9QX2ljb24iOiJQR2tnWTJ4aGMzTTlJbVpoY3lCbVlTMTBjbUZ6YUMxaGJIUWlQand2YVQ0PSJ9LHsiQ1VTVFBST1BfdHlwZSI6ImRlbGV0ZV9kZXYifSx7IkNVU1RQUk9QX25hbWUiOiIifSx7IkNVU1RQUk9QX2FyZ3MiOiJEZWxldGUgZGV2aWNlIn0seyJDVVNUUFJPUF9ub3RlcyI6IiJ9LHsiQ1VTVFBST1Bfc2hvdyI6dHJ1ZX1dXQ==","Sendto","default","0"
"1a:bf:ad:9b:7f:28","Sendto","","","(Unknown: locally administered)","0","","","2025-09-07 22:36:10-04:00","2025-09-10 01:57:47","192.168.50.202","0","1","1","1","0","0","2025-09-08 17:03:11-04:00","1","1","","0","78:45:58:d1:c9:3f","9","PGkgY2xhc3M9ImZhIGZhLWNvbXB1dGVyIj48L2k+","d4f2005c-9cfb-4d8c-a565-49471808837b","","","","ARPSCAN","W1t7IkNVU1RQUk9QX2ljb24iOiJQR2tnWTJ4aGMzTTlJbVpoY3lCbVlTMTBjbUZ6YUMxaGJIUWlQand2YVQ0PSJ9LHsiQ1VTVFBST1BfdHlwZSI6ImRlbGV0ZV9kZXYifSx7IkNVU1RQUk9QX25hbWUiOiIifSx7IkNVU1RQUk9QX2FyZ3MiOiJEZWxldGUgZGV2aWNlIn0seyJDVVNUUFJPUF9ub3RlcyI6IiJ9LHsiQ1VTVFBST1Bfc2hvdyI6dHJ1ZX1dXQ==","Sendto","[]","0"
"62:44:8d:50:eb:13","ubuntu-servermoore","","Server","(Unknown: locally administered)","0","","","2025-09-07 22:36:10-04:00","2025-09-10 01:57:47","192.168.50.205","0","1","1","1","0","0","2025-09-08 21:29:07-04:00","1","1","","0","78:45:58:d1:c9:3f","21","PGkgY2xhc3M9ImZhIGZhLWNvbXB1dGVyIj48L2k+","09697069-84a3-4a22-996c-2130cc4f3e81","","","","ARPSCAN","W1t7IkNVU1RQUk9QX2ljb24iOiJQR2tnWTJ4aGMzTTlJbVpoY3lCbVlTMTBjbUZ6YUMxaGJIUWlQand2YVQ0PSJ9LHsiQ1VTVFBST1BfdHlwZSI6ImRlbGV0ZV9kZXYifSx7IkNVU1RQUk9QX25hbWUiOiIifSx7IkNVU1RQUk9QX2FyZ3MiOiJEZWxldGUgZGV2aWNlIn0seyJDVVNUUFJPUF9ub3RlcyI6IiJ9LHsiQ1VTVFBST1Bfc2hvdyI6dHJ1ZX1dXQ==","ubuntu-server.moore.lan.","[]","0"
"94:83:c4:ad:93:13","glkvmmoore","","","GL Technologies (Hong Kong) Limited","0","","","2025-09-07 22:36:10-04:00","2025-09-10 01:57:47","192.168.50.213","0","1","1","1","0","0","2025-09-08 17:03:11-04:00","1","1","","0","60:22:32:fc:5a:42","5","PGkgY2xhc3M9ImZhIGZhLWNvbXB1dGVyIj48L2k+","0ec33ccb-6220-4ed8-9550-f986826d550b","","","","ARPSCAN","W1t7IkNVU1RQUk9QX2ljb24iOiJQR2tnWTJ4aGMzTTlJbVpoY3lCbVlTMTBjbUZ6YUMxaGJIUWlQand2YVQ0PSJ9LHsiQ1VTVFBST1BfdHlwZSI6ImRlbGV0ZV9kZXYifSx7IkNVU1RQUk9QX25hbWUiOiIifSx7IkNVU1RQUk9QX2FyZ3MiOiJEZWxldGUgZGV2aWNlIn0seyJDVVNUUFJPUF9ub3RlcyI6IiJ9LHsiQ1VTVFBST1Bfc2hvdyI6dHJ1ZX1dXQ==","glkvm.moore.lan.","[]","0"
"00:0c:29:fd:3d:b5","netadminmoore","","VM","VMware, Inc.","0","","","2025-09-07 22:36:10-04:00","2025-09-10 01:57:47","192.168.50.223","0","1","1","1","0","0","2025-09-08 17:03:11-04:00","1","1","","0","78:45:58:d1:c9:3f","9","PGkgY2xhc3M9ImZhIGZhLXNlcnZlciI+PC9pPg==","fb46940a-e038-44da-9ce2-07381f0c6a1b","","","","ARPSCAN","W1t7IkNVU1RQUk9QX2ljb24iOiJQR2tnWTJ4aGMzTTlJbVpoY3lCbVlTMTBjbUZ6YUMxaGJIUWlQand2YVQ0PSJ9LHsiQ1VTVFBST1BfdHlwZSI6ImRlbGV0ZV9kZXYifSx7IkNVU1RQUk9QX25hbWUiOiIifSx7IkNVU1RQUk9QX2FyZ3MiOiJEZWxldGUgZGV2aWNlIn0seyJDVVNUUFJPUF9ub3RlcyI6IiJ9LHsiQ1VTVFBST1Bfc2hvdyI6dHJ1ZX1dXQ==","netadmin.moore.lan.","[]","0"
"Internet","104-13-92-128lightspeedtukrgasbcglobalnet","","Gateway","None","0","","","2025-09-07 22:36:10-04:00","2025-09-10 01:57:47","104.13.92.128","0","1","1","1","0","0","2025-09-08 20:57:42-04:00","1","1","","0","null","","PGkgY2xhc3M9ImZhIGZhLWdsb2JlIj48L2k+","78f75679-bf4b-4852-b044-3207f048b941","","","","INTRNT","W1t7IkNVU1RQUk9QX2ljb24iOiJQR2tnWTJ4aGMzTTlJbVpoY3lCbVlTMTBjbUZ6YUMxaGJIUWlQand2YVQ0PSJ9LHsiQ1VTVFBST1BfdHlwZSI6ImRlbGV0ZV9kZXYifSx7IkNVU1RQUk9QX25hbWUiOiIifSx7IkNVU1RQUk9QX2FyZ3MiOiJEZWxldGUgZGV2aWNlIn0seyJDVVNUUFJPUF9ub3RlcyI6IiJ9LHsiQ1VTVFBST1Bfc2hvdyI6dHJ1ZX1dXQ==","104-13-92-128.lightspeed.tukrga.sbcglobal.net.","[]","0"
"76:75:82:e4:71:9f","npm-internalmoore","","","","0","","","2025-09-07 22:36:10-04:00","2025-09-10 01:57:47","192.168.3.251","0","1","1","1","0","0","2025-09-10 00:28:17-04:00","1","1","","0","78:45:58:d1:c9:3f","21","PGkgY2xhc3M9ImZhIGZhLWNvbXB1dGVyIj48L2k+","a0f25220-c528-4acc-b3b7-1eb199fb1f32","","","","local_MAC","W1t7IkNVU1RQUk9QX2ljb24iOiJQR2tnWTJ4aGMzTTlJbVpoY3lCbVlTMTBjbUZ6YUMxaGJIUWlQand2YVQ0PSJ9LHsiQ1VTVFBST1BfdHlwZSI6ImRlbGV0ZV9kZXYifSx7IkNVU1RQUk9QX25hbWUiOiIifSx7IkNVU1RQUk9QX2FyZ3MiOiJEZWxldGUgZGV2aWNlIn0seyJDVVNUUFJPUF9ub3RlcyI6IiJ9LHsiQ1VTVFBST1Bfc2hvdyI6dHJ1ZX1dXQ==","npm-internal.moore.lan.","[]","0"
"a0:4a:5e:04:1f:19","XBOXmoore","","Gaming Console","Microsoft Corporation (802.1Q VLAN=14)","0","","","2025-09-08 17:01:47-04:00","2025-09-10 01:57:47","192.168.14.10","0","1","1","1","0","0","2025-09-08 17:03:11-04:00","1","1","","0","Internet","","PGkgY2xhc3M9ImZhIGZhLWNvbXB1dGVyIj48L2k+","49eef12d-f364-4d50-a37f-0ea3d2dc9326","","","","ARPSCAN","W1t7IkNVU1RQUk9QX2ljb24iOiJQR2tnWTJ4aGMzTTlJbVpoY3lCbVlTMTBjbUZ6YUMxaGJIUWlQand2YVQ0PSJ9LHsiQ1VTVFBST1BfdHlwZSI6ImRlbGV0ZV9kZXYifSx7IkNVU1RQUk9QX25hbWUiOiIifSx7IkNVU1RQUk9QX2FyZ3MiOiJEZWxldGUgZGV2aWNlIn0seyJDVVNUUFJPUF9ub3RlcyI6IiJ9LHsiQ1VTVFBST1Bfc2hvdyI6dHJ1ZX1dXQ==","XBOX.moore.lan.","[]","0"
"f8:b9:5a:56:9d:d2","LG_Smart_Oven2_openmoore","","TV","LG Innotek (802.1Q VLAN=14)","0","","","2025-09-08 17:01:47-04:00","2025-09-10 01:57:47","192.168.14.18","0","1","1","1","0","0","2025-09-08 17:03:11-04:00","1","1","","0","Internet","","PGkgY2xhc3M9ImZhIGZhLXR2Ij48L2k+","243c989f-e287-4a21-94c4-8283039435df","","","","ARPSCAN","W1t7IkNVU1RQUk9QX2ljb24iOiJQR2tnWTJ4aGMzTTlJbVpoY3lCbVlTMTBjbUZ6YUMxaGJIUWlQand2YVQ0PSJ9LHsiQ1VTVFBST1BfdHlwZSI6ImRlbGV0ZV9kZXYifSx7IkNVU1RQUk9QX25hbWUiOiIifSx7IkNVU1RQUk9QX2FyZ3MiOiJEZWxldGUgZGV2aWNlIn0seyJDVVNUUFJPUF9ub3RlcyI6IiJ9LHsiQ1VTVFBST1Bfc2hvdyI6dHJ1ZX1dXQ==","LG_Smart_Oven2_open.moore.lan.","[]","0"
"44:cb:8b:c8:2a:24","LGwebOSTVmoore","","TV","LG Innotek (802.1Q VLAN=14)","0","","","2025-09-08 17:01:47-04:00","2025-09-10 01:57:47","192.168.14.13","0","1","1","1","0","0","2025-09-08 17:03:11-04:00","1","1","","0","Internet","","PGkgY2xhc3M9ImZhIGZhLXR2Ij48L2k+","09ab841a-b458-4bb9-8f50-da99503fcadf","","","","ARPSCAN","W1t7IkNVU1RQUk9QX2ljb24iOiJQR2tnWTJ4aGMzTTlJbVpoY3lCbVlTMTBjbUZ6YUMxaGJIUWlQand2YVQ0PSJ9LHsiQ1VTVFBST1BfdHlwZSI6ImRlbGV0ZV9kZXYifSx7IkNVU1RQUk9QX25hbWUiOiIifSx7IkNVU1RQUk9QX2FyZ3MiOiJEZWxldGUgZGV2aWNlIn0seyJDVVNUUFJPUF9ub3RlcyI6IiJ9LHsiQ1VTVFBST1Bfc2hvdyI6dHJ1ZX1dXQ==","LGwebOSTV.moore.lan.","[]","0"
"fc:49:2d:e3:82:bf","Sendto","","Smart Speaker","Amazon Technologies Inc. (802.1Q VLAN=14)","0","","","2025-09-08 17:01:47-04:00","2025-09-10 01:57:47","192.168.14.17","0","1","1","1","0","0","2025-09-09 12:22:26-04:00","1","1","","0","Internet","","PGkgY2xhc3M9ImZhIGZhLXZvbHVtZS11cCI+PC9pPg==","4f141885-b286-45c1-a887-14083ec8d931","","","","ARPSCAN","W1t7IkNVU1RQUk9QX2ljb24iOiJQR2tnWTJ4aGMzTTlJbVpoY3lCbVlTMTBjbUZ6YUMxaGJIUWlQand2YVQ0PSJ9LHsiQ1VTVFBST1BfdHlwZSI6ImRlbGV0ZV9kZXYifSx7IkNVU1RQUk9QX25hbWUiOiIifSx7IkNVU1RQUk9QX2FyZ3MiOiJEZWxldGUgZGV2aWNlIn0seyJDVVNUUFJPUF9ub3RlcyI6IiJ9LHsiQ1VTVFBST1Bfc2hvdyI6dHJ1ZX1dXQ==","Sendto","[]","0"
"b4:52:a9:21:57:dc","Ring-2157dcmoore","","","Texas Instruments (802.1Q VLAN=14)","0","","","2025-09-08 17:01:47-04:00","2025-09-10 01:57:47","192.168.14.30","0","1","1","1","0","0","2025-09-08 17:03:11-04:00","1","1","","0","Internet","","PGkgY2xhc3M9ImZhIGZhLWNvbXB1dGVyIj48L2k+","255044e0-d3c9-43fb-bc04-c0c8d3481ff3","","","","ARPSCAN","W1t7IkNVU1RQUk9QX2ljb24iOiJQR2tnWTJ4aGMzTTlJbVpoY3lCbVlTMTBjbUZ6YUMxaGJIUWlQand2YVQ0PSJ9LHsiQ1VTVFBST1BfdHlwZSI6ImRlbGV0ZV9kZXYifSx7IkNVU1RQUk9QX25hbWUiOiIifSx7IkNVU1RQUk9QX2FyZ3MiOiJEZWxldGUgZGV2aWNlIn0seyJDVVNUUFJPUF9ub3RlcyI6IiJ9LHsiQ1VTVFBST1Bfc2hvdyI6dHJ1ZX1dXQ==","Ring-2157dc.moore.lan.","[]","0"
"20:be:b8:60:1b:4a","Sendto","","","(Unknown) (802.1Q VLAN=14)","0","","","2025-09-08 17:01:47-04:00","2025-09-10 01:57:47","192.168.14.20","0","1","1","1","0","0","2025-09-08 17:03:11-04:00","1","1","","0","Internet","","PGkgY2xhc3M9ImZhIGZhLWNvbXB1dGVyIj48L2k+","d316d42b-2df9-4382-9c12-79b3d7fe5951","","","","ARPSCAN","W1t7IkNVU1RQUk9QX2ljb24iOiJQR2tnWTJ4aGMzTTlJbVpoY3lCbVlTMTBjbUZ6YUMxaGJIUWlQand2YVQ0PSJ9LHsiQ1VTVFBST1BfdHlwZSI6ImRlbGV0ZV9kZXYifSx7IkNVU1RQUk9QX25hbWUiOiIifSx7IkNVU1RQUk9QX2FyZ3MiOiJEZWxldGUgZGV2aWNlIn0seyJDVVNUUFJPUF9ub3RlcyI6IiJ9LHsiQ1VTVFBST1Bfc2hvdyI6dHJ1ZX1dXQ==","Sendto","[]","0"
"54:e0:19:5b:09:05","ChimePro-05moore","","","Ring LLC (802.1Q VLAN=14)","0","","","2025-09-08 17:01:47-04:00","2025-09-10 01:57:47","192.168.14.29","0","1","1","1","0","0","2025-09-08 17:03:11-04:00","1","1","","0","Internet","","PGkgY2xhc3M9ImZhIGZhLWNvbXB1dGVyIj48L2k+","c579081a-e594-4746-affc-4c66ae55c507","","","","ARPSCAN","W1t7IkNVU1RQUk9QX2ljb24iOiJQR2tnWTJ4aGMzTTlJbVpoY3lCbVlTMTBjbUZ6YUMxaGJIUWlQand2YVQ0PSJ9LHsiQ1VTVFBST1BfdHlwZSI6ImRlbGV0ZV9kZXYifSx7IkNVU1RQUk9QX25hbWUiOiIifSx7IkNVU1RQUk9QX2FyZ3MiOiJEZWxldGUgZGV2aWNlIn0seyJDVVNUUFJPUF9ub3RlcyI6IiJ9LHsiQ1VTVFBST1Bfc2hvdyI6dHJ1ZX1dXQ==","ChimePro-05.moore.lan.","[]","0"
"38:7c:76:aa:83:55","Sendto","","","Universal Global Scientific Industrial Co., Ltd. (802.1Q VLAN=14)","0","","","2025-09-08 17:01:47-04:00","2025-09-10 01:57:47","192.168.14.48","0","1","1","1","0","0","2025-09-08 17:03:11-04:00","1","1","","0","Internet","","PGkgY2xhc3M9ImZhIGZhLWNvbXB1dGVyIj48L2k+","17946d29-a5df-40bd-9c7f-ce70b918a75a","","","","ARPSCAN","W1t7IkNVU1RQUk9QX2ljb24iOiJQR2tnWTJ4aGMzTTlJbVpoY3lCbVlTMTBjbUZ6YUMxaGJIUWlQand2YVQ0PSJ9LHsiQ1VTVFBST1BfdHlwZSI6ImRlbGV0ZV9kZXYifSx7IkNVU1RQUk9QX25hbWUiOiIifSx7IkNVU1RQUk9QX2FyZ3MiOiJEZWxldGUgZGV2aWNlIn0seyJDVVNUUFJPUF9ub3RlcyI6IiJ9LHsiQ1VTVFBST1Bfc2hvdyI6dHJ1ZX1dXQ==","Sendto","[]","0"
"90:48:6c:e7:da:29","RingStickUpCam-29moore","","Desktop","Ring LLC (802.1Q VLAN=14)","0","","","2025-09-08 17:01:47-04:00","2025-09-10 01:57:47","192.168.14.94","0","1","1","1","0","0","2025-09-08 17:03:11-04:00","1","1","","0","Internet","","PGkgY2xhc3M9ImZhIGZhLWNvbXB1dGVyIj48L2k+","beb1b09f-60a7-46b8-aea2-d8c11d3086df","","","","ARPSCAN","W1t7IkNVU1RQUk9QX2ljb24iOiJQR2tnWTJ4aGMzTTlJbVpoY3lCbVlTMTBjbUZ6YUMxaGJIUWlQand2YVQ0PSJ9LHsiQ1VTVFBST1BfdHlwZSI6ImRlbGV0ZV9kZXYifSx7IkNVU1RQUk9QX25hbWUiOiIifSx7IkNVU1RQUk9QX2FyZ3MiOiJEZWxldGUgZGV2aWNlIn0seyJDVVNUUFJPUF9ub3RlcyI6IiJ9LHsiQ1VTVFBST1Bfc2hvdyI6dHJ1ZX1dXQ==","RingStickUpCam-29.moore.lan.","[]","0"
"64:16:66:b3:b5:98","09AA01AF36190TGYmoore","","","Nest Labs Inc. (802.1Q VLAN=14)","0","","","2025-09-08 17:01:47-04:00","2025-09-10 01:57:47","192.168.14.106","0","1","1","1","0","0","2025-09-08 17:03:11-04:00","1","1","","0","Internet","2","PGkgY2xhc3M9ImZhIGZhLWNvbXB1dGVyIj48L2k+","bfb8a218-1fec-48cb-b115-638b759ee4f0","","","","ARPSCAN","W1t7IkNVU1RQUk9QX2ljb24iOiJQR2tnWTJ4aGMzTTlJbVpoY3lCbVlTMTBjbUZ6YUMxaGJIUWlQand2YVQ0PSJ9LHsiQ1VTVFBST1BfdHlwZSI6ImRlbGV0ZV9kZXYifSx7IkNVU1RQUk9QX25hbWUiOiIifSx7IkNVU1RQUk9QX2FyZ3MiOiJEZWxldGUgZGV2aWNlIn0seyJDVVNUUFJPUF9ub3RlcyI6IiJ9LHsiQ1VTVFBST1Bfc2hvdyI6dHJ1ZX1dXQ==","09AA01AF36190TGY.moore.lan.","[]","0"
"9c:2f:9d:b1:b2:99","Taniqua-Laptop","","Laptop","Liteon Technology Corporation (802.1Q VLAN=14)","0","","","2025-09-08 17:01:47-04:00","2025-09-10 01:57:47","192.168.14.107","0","1","1","1","0","0","2025-09-09 11:12:17-04:00","1","1","","0","Internet","0","PGkgY2xhc3M9ImZhIGZhLWNvbXB1dGVyIj48L2k+","16d2ff63-e4c9-47f0-9a49-3d50eccc4d64","","","","ARPSCAN","W1t7IkNVU1RQUk9QX2ljb24iOiJQR2tnWTJ4aGMzTTlJbVpoY3lCbVlTMTBjbUZ6YUMxaGJIUWlQand2YVQ0PSJ9LHsiQ1VTVFBST1BfdHlwZSI6ImRlbGV0ZV9kZXYifSx7IkNVU1RQUk9QX25hbWUiOiIifSx7IkNVU1RQUk9QX2FyZ3MiOiJEZWxldGUgZGV2aWNlIn0seyJDVVNUUFJPUF9ub3RlcyI6IiJ9LHsiQ1VTVFBST1Bfc2hvdyI6dHJ1ZX1dXQ==","Taniqua-Laptop.moore.lan.","default","0"
"b0:09:da:27:8a:5d","Sendto","","","Ring Solutions (802.1Q VLAN=14)","0","","","2025-09-08 17:01:47-04:00","2025-09-10 01:57:47","192.168.14.116","0","1","1","1","0","0","2025-09-08 17:03:11-04:00","1","1","","0","Internet","","PGkgY2xhc3M9ImZhIGZhLWNvbXB1dGVyIj48L2k+","d8d01dc7-bb95-46f8-962c-26551679edf0","","","","ARPSCAN","W1t7IkNVU1RQUk9QX2ljb24iOiJQR2tnWTJ4aGMzTTlJbVpoY3lCbVlTMTBjbUZ6YUMxaGJIUWlQand2YVQ0PSJ9LHsiQ1VTVFBST1BfdHlwZSI6ImRlbGV0ZV9kZXYifSx7IkNVU1RQUk9QX25hbWUiOiIifSx7IkNVU1RQUk9QX2FyZ3MiOiJEZWxldGUgZGV2aWNlIn0seyJDVVNUUFJPUF9ub3RlcyI6IiJ9LHsiQ1VTVFBST1Bfc2hvdyI6dHJ1ZX1dXQ==","Sendto","[]","0"
"cc:a7:c1:10:22:61","09AA01AF38200K8Nmoore","","Smart Speaker","Google, Inc. (802.1Q VLAN=14)","0","","","2025-09-08 17:01:47-04:00","2025-09-10 01:57:47","192.168.14.127","0","1","1","1","0","0","2025-09-08 17:03:11-04:00","1","1","","0","Internet","","PGkgY2xhc3M9ImZhIGZhLXZvbHVtZS11cCI+PC9pPg==","2b7f40ef-eb10-4dd5-8043-325bd1529d13","","","","ARPSCAN","W1t7IkNVU1RQUk9QX2ljb24iOiJQR2tnWTJ4aGMzTTlJbVpoY3lCbVlTMTBjbUZ6YUMxaGJIUWlQand2YVQ0PSJ9LHsiQ1VTVFBST1BfdHlwZSI6ImRlbGV0ZV9kZXYifSx7IkNVU1RQUk9QX25hbWUiOiIifSx7IkNVU1RQUk9QX2FyZ3MiOiJEZWxldGUgZGV2aWNlIn0seyJDVVNUUFJPUF9ub3RlcyI6IiJ9LHsiQ1VTVFBST1Bfc2hvdyI6dHJ1ZX1dXQ==","09AA01AF38200K8N.moore.lan.","[]","0"
"60:1d:9d:25:14:49","nixplay_W10K-03moore","","","Sichuan AI-Link Technology Co., Ltd. (802.1Q VLAN=14)","0","","","2025-09-08 17:01:47-04:00","2025-09-10 01:57:47","192.168.14.142","0","1","1","1","0","0","2025-09-08 21:22:46-04:00","1","1","","0","Internet","","PGkgY2xhc3M9ImZhIGZhLWNvbXB1dGVyIj48L2k+","537d06f5-030f-4f71-87c0-9a2c61ffa6a7","","","","ARPSCAN","W1t7IkNVU1RQUk9QX2ljb24iOiJQR2tnWTJ4aGMzTTlJbVpoY3lCbVlTMTBjbUZ6YUMxaGJIUWlQand2YVQ0PSJ9LHsiQ1VTVFBST1BfdHlwZSI6ImRlbGV0ZV9kZXYifSx7IkNVU1RQUk9QX25hbWUiOiIifSx7IkNVU1RQUk9QX2FyZ3MiOiJEZWxldGUgZGV2aWNlIn0seyJDVVNUUFJPUF9ub3RlcyI6IiJ9LHsiQ1VTVFBST1Bfc2hvdyI6dHJ1ZX1dXQ==","nixplay_W10K-03.moore.lan.","[]","0"
"34:3e:a4:6c:1a:01","RingStickUpCam-01moore","","Desktop","Ring LLC (802.1Q VLAN=14)","0","","","2025-09-08 17:01:47-04:00","2025-09-10 01:57:47","192.168.14.185","0","1","1","1","0","0","2025-09-08 17:03:11-04:00","1","1","","0","Internet","","PGkgY2xhc3M9ImZhIGZhLWNvbXB1dGVyIj48L2k+","684eb288-e981-4fcd-b336-017691dac380","","","","ARPSCAN","W1t7IkNVU1RQUk9QX2ljb24iOiJQR2tnWTJ4aGMzTTlJbVpoY3lCbVlTMTBjbUZ6YUMxaGJIUWlQand2YVQ0PSJ9LHsiQ1VTVFBST1BfdHlwZSI6ImRlbGV0ZV9kZXYifSx7IkNVU1RQUk9QX25hbWUiOiIifSx7IkNVU1RQUk9QX2FyZ3MiOiJEZWxldGUgZGV2aWNlIn0seyJDVVNUUFJPUF9ub3RlcyI6IiJ9LHsiQ1VTVFBST1Bfc2hvdyI6dHJ1ZX1dXQ==","RingStickUpCam-01.moore.lan.","[]","0"
"70:70:aa:58:e0:5e","Sendto","","Smart Speaker","Amazon Technologies Inc. (802.1Q VLAN=14)","0","","","2025-09-08 17:01:47-04:00","2025-09-10 01:57:47","192.168.14.207","0","1","1","1","0","0","2025-09-08 17:03:11-04:00","1","1","","0","Internet","","PGkgY2xhc3M9ImZhIGZhLXZvbHVtZS11cCI+PC9pPg==","f064bc48-aef5-42ea-8427-89fa08a27862","","","","ARPSCAN","W1t7IkNVU1RQUk9QX2ljb24iOiJQR2tnWTJ4aGMzTTlJbVpoY3lCbVlTMTBjbUZ6YUMxaGJIUWlQand2YVQ0PSJ9LHsiQ1VTVFBST1BfdHlwZSI6ImRlbGV0ZV9kZXYifSx7IkNVU1RQUk9QX25hbWUiOiIifSx7IkNVU1RQUk9QX2FyZ3MiOiJEZWxldGUgZGV2aWNlIn0seyJDVVNUUFJPUF9ub3RlcyI6IiJ9LHsiQ1VTVFBST1Bfc2hvdyI6dHJ1ZX1dXQ==","Sendto","[]","0"
"7c:27:bc:26:e4:00","55TCLRokuTVmoore","","TV","Hui Zhou Gaoshengda Technology Co.,LTD (802.1Q VLAN=14)","0","","","2025-09-08 17:01:47-04:00","2025-09-10 01:57:47","192.168.14.213","0","1","1","1","0","0","2025-09-08 17:03:11-04:00","1","1","","0","Internet","","PGkgY2xhc3M9ImZhIGZhLWNvbXB1dGVyIj48L2k+","3d27348c-5760-4299-9ed7-957de476c118","","","","ARPSCAN","W1t7IkNVU1RQUk9QX2ljb24iOiJQR2tnWTJ4aGMzTTlJbVpoY3lCbVlTMTBjbUZ6YUMxaGJIUWlQand2YVQ0PSJ9LHsiQ1VTVFBST1BfdHlwZSI6ImRlbGV0ZV9kZXYifSx7IkNVU1RQUk9QX25hbWUiOiIifSx7IkNVU1RQUk9QX2FyZ3MiOiJEZWxldGUgZGV2aWNlIn0seyJDVVNUUFJPUF9ub3RlcyI6IiJ9LHsiQ1VTVFBST1Bfc2hvdyI6dHJ1ZX1dXQ==","55TCLRokuTV.moore.lan.","[]","0"
"dc:a0:d0:62:96:1b","Sendto","","","(Unknown) (802.1Q VLAN=14)","0","","","2025-09-08 17:01:47-04:00","2025-09-10 01:57:47","192.168.14.214","0","1","1","1","0","0","2025-09-08 17:03:11-04:00","1","1","","0","Internet","","PGkgY2xhc3M9ImZhIGZhLWNvbXB1dGVyIj48L2k+","72539435-00af-4dba-b6e1-a57b07ac0373","","","","ARPSCAN","W1t7IkNVU1RQUk9QX2ljb24iOiJQR2tnWTJ4aGMzTTlJbVpoY3lCbVlTMTBjbUZ6YUMxaGJIUWlQand2YVQ0PSJ9LHsiQ1VTVFBST1BfdHlwZSI6ImRlbGV0ZV9kZXYifSx7IkNVU1RQUk9QX25hbWUiOiIifSx7IkNVU1RQUk9QX2FyZ3MiOiJEZWxldGUgZGV2aWNlIn0seyJDVVNUUFJPUF9ub3RlcyI6IiJ9LHsiQ1VTVFBST1Bfc2hvdyI6dHJ1ZX1dXQ==","Sendto","[]","0"
"0a:85:33:78:33:a7","bitwardenmoore","","","(Unknown: locally administered) (802.1Q VLAN=15)","0","","","2025-09-08 17:01:47-04:00","2025-09-10 01:57:47","192.168.15.24","0","1","1","1","0","0","2025-09-08 17:03:11-04:00","1","1","","0","Internet","9","PGkgY2xhc3M9ImZhIGZhLWNvbXB1dGVyIj48L2k+","4b16f470-6f56-46e7-9044-d0fd778cf05a","","","","ARPSCAN","W1t7IkNVU1RQUk9QX2ljb24iOiJQR2tnWTJ4aGMzTTlJbVpoY3lCbVlTMTBjbUZ6YUMxaGJIUWlQand2YVQ0PSJ9LHsiQ1VTVFBST1BfdHlwZSI6ImRlbGV0ZV9kZXYifSx7IkNVU1RQUk9QX25hbWUiOiIifSx7IkNVU1RQUk9QX2FyZ3MiOiJEZWxldGUgZGV2aWNlIn0seyJDVVNUUFJPUF9ub3RlcyI6IiJ9LHsiQ1VTVFBST1Bfc2hvdyI6dHJ1ZX1dXQ==","bitwarden.moore.lan.","[]","0"
"2e:a6:c6:47:f6:fd","nextcloudmoore","","","(Unknown: locally administered) (802.1Q VLAN=15)","0","","","2025-09-08 17:01:47-04:00","2025-09-10 01:57:47","192.168.15.25","0","1","1","1","0","0","2025-09-08 17:03:11-04:00","1","1","","0","Internet","9","PGkgY2xhc3M9ImZhIGZhLWNvbXB1dGVyIj48L2k+","7a85a464-b2bc-4ce3-856e-d27dca80b3d1","","","","ARPSCAN","W1t7IkNVU1RQUk9QX2ljb24iOiJQR2tnWTJ4aGMzTTlJbVpoY3lCbVlTMTBjbUZ6YUMxaGJIUWlQand2YVQ0PSJ9LHsiQ1VTVFBST1BfdHlwZSI6ImRlbGV0ZV9kZXYifSx7IkNVU1RQUk9QX25hbWUiOiIifSx7IkNVU1RQUk9QX2FyZ3MiOiJEZWxldGUgZGV2aWNlIn0seyJDVVNUUFJPUF9ub3RlcyI6IiJ9LHsiQ1VTVFBST1Bfc2hvdyI6dHJ1ZX1dXQ==","nextcloud.moore.lan.","[]","0"
"0e:2d:1b:42:46:0d","Sendto","","","(Unknown: locally administered) (802.1Q VLAN=15)","0","","","2025-09-08 17:01:47-04:00","2025-09-10 01:57:47","192.168.15.27","0","1","1","1","0","0","2025-09-08 17:03:11-04:00","1","1","","0","Internet","9","PGkgY2xhc3M9ImZhIGZhLWNvbXB1dGVyIj48L2k+","def9fa16-ba78-4720-b018-d47c38dd7903","","","","ARPSCAN","W1t7IkNVU1RQUk9QX2ljb24iOiJQR2tnWTJ4aGMzTTlJbVpoY3lCbVlTMTBjbUZ6YUMxaGJIUWlQand2YVQ0PSJ9LHsiQ1VTVFBST1BfdHlwZSI6ImRlbGV0ZV9kZXYifSx7IkNVU1RQUk9QX25hbWUiOiIifSx7IkNVU1RQUk9QX2FyZ3MiOiJEZWxldGUgZGV2aWNlIn0seyJDVVNUUFJPUF9ub3RlcyI6IiJ9LHsiQ1VTVFBST1Bfc2hvdyI6dHJ1ZX1dXQ==","Sendto","[]","0"
"24:5a:4c:7a:97:5e","atl-hallway-U6-LR","","Access Point","Ubiquiti Networks Inc.","0","","","2025-09-08 17:16:50-04:00","2025-09-10 01:57:47","192.168.69.37","0","1","1","1","0","0","2025-09-08 21:22:46-04:00","1","1","","0","Internet","3","PGkgY2xhc3M9ImZhIGZhLW5ldHdvcmstd2lyZWQiPjwvaT4=","a369fd45-f5c3-464c-b536-b194bcdf8286","","","","ARPSCAN","W1t7IkNVU1RQUk9QX2ljb24iOiJQR2tnWTJ4aGMzTTlJbVpoY3lCbVlTMTBjbUZ6YUMxaGJIUWlQand2YVQ0PSJ9LHsiQ1VTVFBST1BfdHlwZSI6ImRlbGV0ZV9kZXYifSx7IkNVU1RQUk9QX25hbWUiOiIifSx7IkNVU1RQUk9QX2FyZ3MiOiJEZWxldGUgZGV2aWNlIn0seyJDVVNUUFJPUF9ub3RlcyI6IiJ9LHsiQ1VTVFBST1Bfc2hvdyI6dHJ1ZX1dXQ==","Sendto","default","0"
"78:45:58:48:27:a0","atl-basement-ap","","Access Point","Ubiquiti Networks Inc.","0","","","2025-09-08 17:24:58-04:00","2025-09-10 01:57:47","192.168.69.36","0","1","1","1","0","0","2025-09-08 21:29:07-04:00","1","1","","0","Internet","2","PGkgY2xhc3M9ImZhIGZhLW5ldHdvcmstd2lyZWQiPjwvaT4=","da46736b-f3bc-4059-bf76-bf51191f1609","","","","ARPSCAN","W1t7IkNVU1RQUk9QX2ljb24iOiJQR2tnWTJ4aGMzTTlJbVpoY3lCbVlTMTBjbUZ6YUMxaGJIUWlQand2YVQ0PSJ9LHsiQ1VTVFBST1BfdHlwZSI6ImRlbGV0ZV9kZXYifSx7IkNVU1RQUk9QX25hbWUiOiIifSx7IkNVU1RQUk9QX2FyZ3MiOiJEZWxldGUgZGV2aWNlIn0seyJDVVNUUFJPUF9ub3RlcyI6IiJ9LHsiQ1VTVFBST1Bfc2hvdyI6dHJ1ZX1dXQ==","Sendto","default","0"
"b8:ca:3a:68:93:65","Sendto","","Desktop","Dell Inc.","0","","","2025-09-08 17:41:57-04:00","2025-09-10 01:57:47","0.0.0.0","0","1","1","1","0","0","2025-09-09 03:17:50-04:00","1","1","","0","Internet","10","PGkgY2xhc3M9ImZhIGZhLWRlc2t0b3AiPjwvaT4=","0d546ae8-f44c-44de-b41f-5009d94b3d9e","","","","ARPSCAN","W1t7IkNVU1RQUk9QX2ljb24iOiJQR2tnWTJ4aGMzTTlJbVpoY3lCbVlTMTBjbUZ6YUMxaGJIUWlQand2YVQ0PSJ9LHsiQ1VTVFBST1BfdHlwZSI6ImRlbGV0ZV9kZXYifSx7IkNVU1RQUk9QX25hbWUiOiIifSx7IkNVU1RQUk9QX2FyZ3MiOiJEZWxldGUgZGV2aWNlIn0seyJDVVNUUFJPUF9ub3RlcyI6IiJ9LHsiQ1VTVFBST1Bfc2hvdyI6dHJ1ZX1dXQ==","Sendto","[]","0"
"98:b7:85:1f:12:e8","Sendto","","","Shenzhen 10Gtek Transceivers Co., Limited","0","","","2025-09-08 17:41:57-04:00","2025-09-10 01:57:47","0.0.0.0","0","1","1","1","0","0","2025-09-09 03:17:50-04:00","1","1","","0","Internet","22","PGkgY2xhc3M9ImZhIGZhLWNvbXB1dGVyIj48L2k+","eafa66dd-bb34-48fd-a143-b48bf9143230","","","","ARPSCAN","W1t7IkNVU1RQUk9QX2ljb24iOiJQR2tnWTJ4aGMzTTlJbVpoY3lCbVlTMTBjbUZ6YUMxaGJIUWlQand2YVQ0PSJ9LHsiQ1VTVFBST1BfdHlwZSI6ImRlbGV0ZV9kZXYifSx7IkNVU1RQUk9QX25hbWUiOiIifSx7IkNVU1RQUk9QX2FyZ3MiOiJEZWxldGUgZGV2aWNlIn0seyJDVVNUUFJPUF9ub3RlcyI6IiJ9LHsiQ1VTVFBST1Bfc2hvdyI6dHJ1ZX1dXQ==","Sendto","[]","0"
"00:11:32:78:37:5b","gafsvr2moore","","","Synology Incorporated (802.1Q VLAN=3)","0","","","2025-09-08 19:07:44-04:00","2025-09-10 01:57:47","192.168.3.2","0","1","1","1","0","0","2025-09-08 19:07:58-04:00","1","1","","0","Internet","13","PGkgY2xhc3M9ImZhIGZhLWNvbXB1dGVyIj48L2k+","466765b7-0e40-4847-bec2-5e0e5f450118","","","","ARPSCAN","W1t7IkNVU1RQUk9QX2ljb24iOiJQR2tnWTJ4aGMzTTlJbVpoY3lCbVlTMTBjbUZ6YUMxaGJIUWlQand2YVQ0PSJ9LHsiQ1VTVFBST1BfdHlwZSI6ImRlbGV0ZV9kZXYifSx7IkNVU1RQUk9QX25hbWUiOiIifSx7IkNVU1RQUk9QX2FyZ3MiOiJEZWxldGUgZGV2aWNlIn0seyJDVVNUUFJPUF9ub3RlcyI6IiJ9LHsiQ1VTVFBST1Bfc2hvdyI6dHJ1ZX1dXQ==","gafsvr2.moore.lan.","[]","0"
"00:11:32:c4:06:f5","gafsvr1moore","","NAS","Synology Incorporated (802.1Q VLAN=3)","0","","","2025-09-08 19:07:44-04:00","2025-09-10 01:57:47","192.168.3.3","1","1","1","1","0","0","2025-09-08 19:07:58-04:00","1","1","","0","Internet","7","PGkgY2xhc3M9ImZhIGZhLWNvbXB1dGVyIj48L2k+","7c8b06b8-bab6-486f-86ef-109aae2b2645","","","","ARPSCAN","W1t7IkNVU1RQUk9QX2ljb24iOiJQR2tnWTJ4aGMzTTlJbVpoY3lCbVlTMTBjbUZ6YUMxaGJIUWlQand2YVQ0PSJ9LHsiQ1VTVFBST1BfdHlwZSI6ImRlbGV0ZV9kZXYifSx7IkNVU1RQUk9QX25hbWUiOiIifSx7IkNVU1RQUk9QX2FyZ3MiOiJEZWxldGUgZGV2aWNlIn0seyJDVVNUUFJPUF9ub3RlcyI6IiJ9LHsiQ1VTVFBST1Bfc2hvdyI6dHJ1ZX1dXQ==","gafsvr1.moore.lan.","default","0"
"9c:8e:cd:37:d5:92","Amcrest Garage Camera","","Camera","Amcrest Technologies (802.1Q VLAN=3)","0","","","2025-09-08 19:07:44-04:00","2025-09-10 01:57:47","192.168.3.4","0","1","1","1","0","0","2025-09-08 19:07:58-04:00","1","1","","0","Internet","4","PGkgY2xhc3M9ImZhIGZhLWNhbWVyYSI+PC9pPg==","105f355e-511a-425a-9ff8-70f65dd5e5a7","","","","ARPSCAN","W1t7IkNVU1RQUk9QX2ljb24iOiJQR2tnWTJ4aGMzTTlJbVpoY3lCbVlTMTBjbUZ6YUMxaGJIUWlQand2YVQ0PSJ9LHsiQ1VTVFBST1BfdHlwZSI6ImRlbGV0ZV9kZXYifSx7IkNVU1RQUk9QX25hbWUiOiIifSx7IkNVU1RQUk9QX2FyZ3MiOiJEZWxldGUgZGV2aWNlIn0seyJDVVNUUFJPUF9ub3RlcyI6IiJ9LHsiQ1VTVFBST1Bfc2hvdyI6dHJ1ZX1dXQ==","None","[]","0"
"7a:67:a8:fe:ca:bf","(name not found)","","","(Unknown: locally administered) (802.1Q VLAN=3)","0","","","2025-09-08 19:07:44-04:00","2025-09-10 01:57:47","192.168.3.18","0","1","1","1","0","0","2025-09-08 19:07:58-04:00","1","1","","0","Internet","9","PGkgY2xhc3M9ImZhIGZhLWNvbXB1dGVyIj48L2k+","a80c7582-17f2-4ee9-b226-85e0222b4e88","","","","ARPSCAN","W1t7IkNVU1RQUk9QX2ljb24iOiJQR2tnWTJ4aGMzTTlJbVpoY3lCbVlTMTBjbUZ6YUMxaGJIUWlQand2YVQ0PSJ9LHsiQ1VTVFBST1BfdHlwZSI6ImRlbGV0ZV9kZXYifSx7IkNVU1RQUk9QX25hbWUiOiIifSx7IkNVU1RQUk9QX2FyZ3MiOiJEZWxldGUgZGV2aWNlIn0seyJDVVNUUFJPUF9ub3RlcyI6IiJ9LHsiQ1VTVFBST1Bfc2hvdyI6dHJ1ZX1dXQ==","None","[]","0"
"d2:78:e5:10:39:58","collabora-nc","","","(Unknown: locally administered) (802.1Q VLAN=3)","0","","","2025-09-08 19:07:44-04:00","2025-09-10 01:57:47","192.168.3.33","0","1","1","1","0","0","2025-09-08 19:07:58-04:00","1","1","","0","Internet","9","PGkgY2xhc3M9ImZhIGZhLWNvbXB1dGVyIj48L2k+","571fc155-4488-4461-a164-a889b32347a1","","","","ARPSCAN","W1t7IkNVU1RQUk9QX2ljb24iOiJQR2tnWTJ4aGMzTTlJbVpoY3lCbVlTMTBjbUZ6YUMxaGJIUWlQand2YVQ0PSJ9LHsiQ1VTVFBST1BfdHlwZSI6ImRlbGV0ZV9kZXYifSx7IkNVU1RQUk9QX25hbWUiOiIifSx7IkNVU1RQUk9QX2FyZ3MiOiJEZWxldGUgZGV2aWNlIn0seyJDVVNUUFJPUF9ub3RlcyI6IiJ9LHsiQ1VTVFBST1Bfc2hvdyI6dHJ1ZX1dXQ==","None","[]","0"
"5a:05:0c:f7:06:d6","nginx-rpmoore","","","(Unknown: locally administered) (802.1Q VLAN=3)","0","","","2025-09-08 19:07:44-04:00","2025-09-10 01:57:47","192.168.3.34","0","1","1","1","0","0","2025-09-08 19:07:58-04:00","1","1","","0","Internet","9","PGkgY2xhc3M9ImZhIGZhLWNvbXB1dGVyIj48L2k+","7841b5ab-5eab-4782-a91e-9f1a0da1ccdb","","","","ARPSCAN","W1t7IkNVU1RQUk9QX2ljb24iOiJQR2tnWTJ4aGMzTTlJbVpoY3lCbVlTMTBjbUZ6YUMxaGJIUWlQand2YVQ0PSJ9LHsiQ1VTVFBST1BfdHlwZSI6ImRlbGV0ZV9kZXYifSx7IkNVU1RQUk9QX25hbWUiOiIifSx7IkNVU1RQUk9QX2FyZ3MiOiJEZWxldGUgZGV2aWNlIn0seyJDVVNUUFJPUF9ub3RlcyI6IiJ9LHsiQ1VTVFBST1Bfc2hvdyI6dHJ1ZX1dXQ==","nginx-rp.moore.lan.","[]","0"
"c2:a2:7c:4e:a8:82","PRTG-Monitoringmoore","","","(Unknown: locally administered) (802.1Q VLAN=3)","0","","","2025-09-08 19:07:44-04:00","2025-09-10 01:57:47","192.168.3.38","0","1","1","1","0","0","2025-09-08 19:07:58-04:00","1","1","","0","Internet","9","PGkgY2xhc3M9ImZhIGZhLWNvbXB1dGVyIj48L2k+","b8a5f5b2-78cb-4e84-ab95-c0c013059fa3","","","","ARPSCAN","W1t7IkNVU1RQUk9QX2ljb24iOiJQR2tnWTJ4aGMzTTlJbVpoY3lCbVlTMTBjbUZ6YUMxaGJIUWlQand2YVQ0PSJ9LHsiQ1VTVFBST1BfdHlwZSI6ImRlbGV0ZV9kZXYifSx7IkNVU1RQUk9QX25hbWUiOiIifSx7IkNVU1RQUk9QX2FyZ3MiOiJEZWxldGUgZGV2aWNlIn0seyJDVVNUUFJPUF9ub3RlcyI6IiJ9LHsiQ1VTVFBST1Bfc2hvdyI6dHJ1ZX1dXQ==","PRTG-Monitoring.moore.lan.","[]","0"
"b6:b6:12:b1:f4:c9","rustdeskmoore","","","(Unknown: locally administered) (802.1Q VLAN=3)","0","","","2025-09-08 19:07:44-04:00","2025-09-10 01:57:47","192.168.3.67","0","1","1","1","0","0","2025-09-08 19:07:58-04:00","1","1","","0","Internet","9","PGkgY2xhc3M9ImZhIGZhLWNvbXB1dGVyIj48L2k+","d087c326-6433-4f13-a33e-f2d5b4bf809c","","","","ARPSCAN","W1t7IkNVU1RQUk9QX2ljb24iOiJQR2tnWTJ4aGMzTTlJbVpoY3lCbVlTMTBjbUZ6YUMxaGJIUWlQand2YVQ0PSJ9LHsiQ1VTVFBST1BfdHlwZSI6ImRlbGV0ZV9kZXYifSx7IkNVU1RQUk9QX25hbWUiOiIifSx7IkNVU1RQUk9QX2FyZ3MiOiJEZWxldGUgZGV2aWNlIn0seyJDVVNUUFJPUF9ub3RlcyI6IiJ9LHsiQ1VTVFBST1Bfc2hvdyI6dHJ1ZX1dXQ==","rustdesk.moore.lan.","[]","0"
"b8:ca:3a:68:93:67","xenserver1","","Desktop","Dell Inc. (802.1Q VLAN=3)","0","","","2025-09-08 19:07:44-04:00","2025-09-10 01:57:47","192.168.3.200","0","1","1","1","0","0","2025-09-08 19:07:58-04:00","1","1","","0","Internet","11","PGkgY2xhc3M9ImZhIGZhLWRlc2t0b3AiPjwvaT4=","dc187756-60a3-4c83-8ddf-eada4ff87ae4","","","","ARPSCAN","W1t7IkNVU1RQUk9QX2ljb24iOiJQR2tnWTJ4aGMzTTlJbVpoY3lCbVlTMTBjbUZ6YUMxaGJIUWlQand2YVQ0PSJ9LHsiQ1VTVFBST1BfdHlwZSI6ImRlbGV0ZV9kZXYifSx7IkNVU1RQUk9QX25hbWUiOiIifSx7IkNVU1RQUk9QX2FyZ3MiOiJEZWxldGUgZGV2aWNlIn0seyJDVVNUUFJPUF9ub3RlcyI6IiJ9LHsiQ1VTVFBST1Bfc2hvdyI6dHJ1ZX1dXQ==","None","[]","0"
"56:e1:69:82:8a:d5","(name not found)","","","(Unknown: locally administered) (802.1Q VLAN=3)","0","","","2025-09-08 19:07:44-04:00","2025-09-10 01:57:47","192.168.3.202","0","1","1","1","0","0","2025-09-08 19:07:58-04:00","1","1","","0","Internet","9","PGkgY2xhc3M9ImZhIGZhLWNvbXB1dGVyIj48L2k+","ca9b3ba8-3d16-429e-914d-942d52225f2d","","","","ARPSCAN","W1t7IkNVU1RQUk9QX2ljb24iOiJQR2tnWTJ4aGMzTTlJbVpoY3lCbVlTMTBjbUZ6YUMxaGJIUWlQand2YVQ0PSJ9LHsiQ1VTVFBST1BfdHlwZSI6ImRlbGV0ZV9kZXYifSx7IkNVU1RQUk9QX25hbWUiOiIifSx7IkNVU1RQUk9QX2FyZ3MiOiJEZWxldGUgZGV2aWNlIn0seyJDVVNUUFJPUF9ub3RlcyI6IiJ9LHsiQ1VTVFBST1Bfc2hvdyI6dHJ1ZX1dXQ==","None","[]","0"
"26:e9:33:1a:2d:42","npm-externalmoore","","","(Unknown: locally administered) (802.1Q VLAN=2)","0","","","2025-09-08 19:14:00-04:00","2025-09-10 01:57:47","192.168.2.2","0","1","1","1","0","0","2025-09-08 19:14:08-04:00","1","1","","0","Internet","9","PGkgY2xhc3M9ImZhIGZhLWNvbXB1dGVyIj48L2k+","8c965c91-d528-4676-8a01-0996bae01c28","","","","ARPSCAN","W1t7IkNVU1RQUk9QX2ljb24iOiJQR2tnWTJ4aGMzTTlJbVpoY3lCbVlTMTBjbUZ6YUMxaGJIUWlQand2YVQ0PSJ9LHsiQ1VTVFBST1BfdHlwZSI6ImRlbGV0ZV9kZXYifSx7IkNVU1RQUk9QX25hbWUiOiIifSx7IkNVU1RQUk9QX2FyZ3MiOiJEZWxldGUgZGV2aWNlIn0seyJDVVNUUFJPUF9ub3RlcyI6IiJ9LHsiQ1VTVFBST1Bfc2hvdyI6dHJ1ZX1dXQ==","npm-external.moore.lan.","[]","0"
"08:bf:b8:3e:a1:38","DESKTOP-EFNLD41moore","","Desktop","(Unknown) (802.1Q VLAN=6)","0","","","2025-09-08 19:27:26-04:00","2025-09-10 01:57:47","192.168.6.10","0","1","1","1","0","0","2025-09-08 19:27:37-04:00","1","1","","0","Internet","3","PGkgY2xhc3M9ImZhIGZhLWNvbXB1dGVyIj48L2k+","6aee5c50-7f76-4e39-a50e-3f441bba116b","","","","ARPSCAN","W1t7IkNVU1RQUk9QX2ljb24iOiJQR2tnWTJ4aGMzTTlJbVpoY3lCbVlTMTBjbUZ6YUMxaGJIUWlQand2YVQ0PSJ9LHsiQ1VTVFBST1BfdHlwZSI6ImRlbGV0ZV9kZXYifSx7IkNVU1RQUk9QX25hbWUiOiIifSx7IkNVU1RQUk9QX2FyZ3MiOiJEZWxldGUgZGV2aWNlIn0seyJDVVNUUFJPUF9ub3RlcyI6IiJ9LHsiQ1VTVFBST1Bfc2hvdyI6dHJ1ZX1dXQ==","DESKTOP-EFNLD41.moore.lan.","[]","0"
"b0:4a:39:09:a3:50","RoborockVacum","","","Beijing Roborock Technology Co., Ltd. (802.1Q VLAN=6)","0","","","2025-09-08 19:27:26-04:00","2025-09-10 01:57:47","192.168.6.8","0","1","1","1","0","0","2025-09-08 23:27:15-04:00","1","1","","0","Internet","","PGkgY2xhc3M9ImZhIGZhLWNvbXB1dGVyIj48L2k+","1c5ee8fe-748b-4969-80ae-bd881a44d041","","","","ARPSCAN","W1t7IkNVU1RQUk9QX2ljb24iOiJQR2tnWTJ4aGMzTTlJbVpoY3lCbVlTMTBjbUZ6YUMxaGJIUWlQand2YVQ0PSJ9LHsiQ1VTVFBST1BfdHlwZSI6ImRlbGV0ZV9kZXYifSx7IkNVU1RQUk9QX25hbWUiOiIifSx7IkNVU1RQUk9QX2FyZ3MiOiJEZWxldGUgZGV2aWNlIn0seyJDVVNUUFJPUF9ub3RlcyI6IiJ9LHsiQ1VTVFBST1Bfc2hvdyI6dHJ1ZX1dXQ==","None","[]","0"
"dc:c2:c9:a3:b5:a8","Bedroom Printer","","Printer","CANON INC. (802.1Q VLAN=6)","0","","","2025-09-08 19:27:26-04:00","2025-09-10 01:57:47","192.168.6.21","0","1","1","1","0","0","2025-09-08 19:27:37-04:00","1","1","","0","Internet","","PGkgY2xhc3M9ImZhIGZhLWNvbXB1dGVyIj48L2k+","c1fedbc4-a9bc-4e35-b765-8d49f1127c7e","","","","ARPSCAN","W1t7IkNVU1RQUk9QX2ljb24iOiJQR2tnWTJ4aGMzTTlJbVpoY3lCbVlTMTBjbUZ6YUMxaGJIUWlQand2YVQ0PSJ9LHsiQ1VTVFBST1BfdHlwZSI6ImRlbGV0ZV9kZXYifSx7IkNVU1RQUk9QX25hbWUiOiIifSx7IkNVU1RQUk9QX2FyZ3MiOiJEZWxldGUgZGV2aWNlIn0seyJDVVNUUFJPUF9ub3RlcyI6IiJ9LHsiQ1VTVFBST1Bfc2hvdyI6dHJ1ZX1dXQ==","None","[]","0"
"ca:36:d5:96:a8:72","iPhone","","Phone","(Unknown: locally administered) (802.1Q VLAN=6)","0","","","2025-09-08 19:27:26-04:00","2025-09-10 01:57:47","192.168.6.6","0","1","1","1","0","0","2025-09-09 07:33:06-04:00","1","1","","0","Internet","","PGkgY2xhc3M9ImZhIGZhLWNvbXB1dGVyIj48L2k+","c96256a0-7762-4615-8a0d-d1c1852ae382","","","","ARPSCAN","W1t7IkNVU1RQUk9QX2ljb24iOiJQR2tnWTJ4aGMzTTlJbVpoY3lCbVlTMTBjbUZ6YUMxaGJIUWlQand2YVQ0PSJ9LHsiQ1VTVFBST1BfdHlwZSI6ImRlbGV0ZV9kZXYifSx7IkNVU1RQUk9QX25hbWUiOiIifSx7IkNVU1RQUk9QX2FyZ3MiOiJEZWxldGUgZGV2aWNlIn0seyJDVVNUUFJPUF9ub3RlcyI6IiJ9LHsiQ1VTVFBST1Bfc2hvdyI6dHJ1ZX1dXQ==","None","[]","0"
"d4:3a:2f:d3:64:bb","PlayRoom TV","","TV","(Unknown) (802.1Q VLAN=23)","0","","","2025-09-08 20:57:19-04:00","2025-09-10 01:57:47","192.168.23.25","0","1","1","1","0","0","2025-09-08 20:57:42-04:00","1","1","","0","Internet","","PGkgY2xhc3M9ImZhIGZhLWNvbXB1dGVyIj48L2k+","66e56990-277e-4424-9811-8e4c52d5a44d","","","","ARPSCAN","W1t7IkNVU1RQUk9QX2ljb24iOiJQR2tnWTJ4aGMzTTlJbVpoY3lCbVlTMTBjbUZ6YUMxaGJIUWlQand2YVQ0PSJ9LHsiQ1VTVFBST1BfdHlwZSI6ImRlbGV0ZV9kZXYifSx7IkNVU1RQUk9QX25hbWUiOiIifSx7IkNVU1RQUk9QX2FyZ3MiOiJEZWxldGUgZGV2aWNlIn0seyJDVVNUUFJPUF9ub3RlcyI6IiJ9LHsiQ1VTVFBST1Bfc2hvdyI6dHJ1ZX1dXQ==","None","[]","0"
"aa:8e:45:a3:1b:3d","(name not found)","","","(Unknown: locally administered) (802.1Q VLAN=23)","0","","","2025-09-08 20:57:19-04:00","2025-09-10 01:57:47","192.168.23.40","0","1","1","1","0","0","2025-09-09 13:52:30-04:00","1","1","","0","Internet","","PGkgY2xhc3M9ImZhIGZhLWNvbXB1dGVyIj48L2k+","89a390ce-88b8-48af-9bde-3d8e0cdd3d67","","","","ARPSCAN","W1t7IkNVU1RQUk9QX2ljb24iOiJQR2tnWTJ4aGMzTTlJbVpoY3lCbVlTMTBjbUZ6YUMxaGJIUWlQand2YVQ0PSJ9LHsiQ1VTVFBST1BfdHlwZSI6ImRlbGV0ZV9kZXYifSx7IkNVU1RQUk9QX25hbWUiOiIifSx7IkNVU1RQUk9QX2FyZ3MiOiJEZWxldGUgZGV2aWNlIn0seyJDVVNUUFJPUF9ub3RlcyI6IiJ9LHsiQ1VTVFBST1Bfc2hvdyI6dHJ1ZX1dXQ==","None","[]","0"
"1e:4f:95:de:4e:f5","iPhonemoore","","Phone","(Unknown: locally administered) (802.1Q VLAN=23)","0","","","2025-09-08 20:57:19-04:00","2025-09-10 01:57:47","192.168.23.53","0","1","1","1","0","0","2025-09-09 13:52:30-04:00","1","1","","0","Internet","","PGkgY2xhc3M9ImZhIGZhLWNvbXB1dGVyIj48L2k+","2539adba-323c-4cbf-8133-6c6672bf1927","","","","ARPSCAN","W1t7IkNVU1RQUk9QX2ljb24iOiJQR2tnWTJ4aGMzTTlJbVpoY3lCbVlTMTBjbUZ6YUMxaGJIUWlQand2YVQ0PSJ9LHsiQ1VTVFBST1BfdHlwZSI6ImRlbGV0ZV9kZXYifSx7IkNVU1RQUk9QX25hbWUiOiIifSx7IkNVU1RQUk9QX2FyZ3MiOiJEZWxldGUgZGV2aWNlIn0seyJDVVNUUFJPUF9ub3RlcyI6IiJ9LHsiQ1VTVFBST1Bfc2hvdyI6dHJ1ZX1dXQ==","iPhone.moore.lan.","[]","0"
"b2:59:80:b7:62:49","iPadmoore","","Phone","(Unknown: locally administered) (802.1Q VLAN=23)","0","","","2025-09-08 20:57:19-04:00","2025-09-10 01:57:47","192.168.23.56","0","1","1","1","0","0","2025-09-09 13:52:30-04:00","1","1","","0","Internet","","PGkgY2xhc3M9ImZhIGZhLWNvbXB1dGVyIj48L2k+","2c005e71-bcf0-4e59-892b-d9947b7ffdfa","","","","ARPSCAN","W1t7IkNVU1RQUk9QX2ljb24iOiJQR2tnWTJ4aGMzTTlJbVpoY3lCbVlTMTBjbUZ6YUMxaGJIUWlQand2YVQ0PSJ9LHsiQ1VTVFBST1BfdHlwZSI6ImRlbGV0ZV9kZXYifSx7IkNVU1RQUk9QX25hbWUiOiIifSx7IkNVU1RQUk9QX2FyZ3MiOiJEZWxldGUgZGV2aWNlIn0seyJDVVNUUFJPUF9ub3RlcyI6IiJ9LHsiQ1VTVFBST1Bfc2hvdyI6dHJ1ZX1dXQ==","iPad.moore.lan.","[]","0"
"a8:ca:77:39:69:6f","amazon-33e602bc8e6b40bemoore","","","(Unknown) (802.1Q VLAN=23)","0","","","2025-09-08 20:57:19-04:00","2025-09-10 01:57:47","192.168.23.70","0","1","1","1","0","0","2025-09-08 20:57:42-04:00","1","1","","0","Internet","","PGkgY2xhc3M9ImZhIGZhLWNvbXB1dGVyIj48L2k+","cd0267b8-1a71-43bd-80db-cf2439c0e180","","","","ARPSCAN","W1t7IkNVU1RQUk9QX2ljb24iOiJQR2tnWTJ4aGMzTTlJbVpoY3lCbVlTMTBjbUZ6YUMxaGJIUWlQand2YVQ0PSJ9LHsiQ1VTVFBST1BfdHlwZSI6ImRlbGV0ZV9kZXYifSx7IkNVU1RQUk9QX25hbWUiOiIifSx7IkNVU1RQUk9QX2FyZ3MiOiJEZWxldGUgZGV2aWNlIn0seyJDVVNUUFJPUF9ub3RlcyI6IiJ9LHsiQ1VTVFBST1Bfc2hvdyI6dHJ1ZX1dXQ==","amazon-33e602bc8e6b40be.moore.lan.","[]","0"
"86:96:93:07:bd:24","ethanipad","","Phone","(Unknown: locally administered) (802.1Q VLAN=23)","0","","","2025-09-08 20:57:19-04:00","2025-09-10 01:57:47","192.168.23.119","0","1","1","1","0","0","2025-09-08 20:57:42-04:00","1","1","","0","Internet","","PGkgY2xhc3M9ImZhIGZhLWNvbXB1dGVyIj48L2k+","890a4aa0-2cfd-45b1-9c03-a11680694fc4","","","","ARPSCAN","W1t7IkNVU1RQUk9QX2ljb24iOiJQR2tnWTJ4aGMzTTlJbVpoY3lCbVlTMTBjbUZ6YUMxaGJIUWlQand2YVQ0PSJ9LHsiQ1VTVFBST1BfdHlwZSI6ImRlbGV0ZV9kZXYifSx7IkNVU1RQUk9QX25hbWUiOiIifSx7IkNVU1RQUk9QX2FyZ3MiOiJEZWxldGUgZGV2aWNlIn0seyJDVVNUUFJPUF9ub3RlcyI6IiJ9LHsiQ1VTVFBST1Bfc2hvdyI6dHJ1ZX1dXQ==","None","[]","0"
"e0:f6:b5:eb:69:83","nintendo-switch","","Gaming Console","Nintendo Co.,Ltd (802.1Q VLAN=23)","0","","","2025-09-08 20:57:19-04:00","2025-09-10 01:57:47","192.168.23.201","0","1","1","1","0","0","2025-09-08 20:57:42-04:00","1","1","","0","Internet","","PGkgY2xhc3M9ImZhIGZhLWdhbWVwYWQiPjwvaT4=","7e25105a-6cbe-4924-a813-0b622e7ef4bf","","","","ARPSCAN","W1t7IkNVU1RQUk9QX2ljb24iOiJQR2tnWTJ4aGMzTTlJbVpoY3lCbVlTMTBjbUZ6YUMxaGJIUWlQand2YVQ0PSJ9LHsiQ1VTVFBST1BfdHlwZSI6ImRlbGV0ZV9kZXYifSx7IkNVU1RQUk9QX25hbWUiOiIifSx7IkNVU1RQUk9QX2FyZ3MiOiJEZWxldGUgZGV2aWNlIn0seyJDVVNUUFJPUF9ub3RlcyI6IiJ9LHsiQ1VTVFBST1Bfc2hvdyI6dHJ1ZX1dXQ==","None","[]","0"
"54:67:e6:9b:b6:45","chloefiretv","","TV","SHENZHEN MTC CO LTD (802.1Q VLAN=23)","0","","","2025-09-08 20:57:19-04:00","2025-09-10 01:57:47","192.168.23.202","0","1","1","1","0","0","2025-09-08 20:57:42-04:00","1","1","","0","Internet","","PGkgY2xhc3M9ImZhIGZhLWNvbXB1dGVyIj48L2k+","98472719-3352-4806-9304-67a01b53b590","","","","ARPSCAN","W1t7IkNVU1RQUk9QX2ljb24iOiJQR2tnWTJ4aGMzTTlJbVpoY3lCbVlTMTBjbUZ6YUMxaGJIUWlQand2YVQ0PSJ9LHsiQ1VTVFBST1BfdHlwZSI6ImRlbGV0ZV9kZXYifSx7IkNVU1RQUk9QX25hbWUiOiIifSx7IkNVU1RQUk9QX2FyZ3MiOiJEZWxldGUgZGV2aWNlIn0seyJDVVNUUFJPUF9ub3RlcyI6IiJ9LHsiQ1VTVFBST1Bfc2hvdyI6dHJ1ZX1dXQ==","None","[]","0"
"78:66:9d:4a:94:d5","40ElementRokuTV","","TV","Hui Zhou Gaoshengda Technology Co.,LTD (802.1Q VLAN=23)","0","","","2025-09-08 20:57:19-04:00","2025-09-10 01:57:47","192.168.23.204","0","1","1","1","0","0","2025-09-08 20:57:42-04:00","1","1","","0","Internet","","PGkgY2xhc3M9ImZhIGZhLWNvbXB1dGVyIj48L2k+","d7d22a3d-2426-4323-afb5-6a1b5c2a0c0e","","","","ARPSCAN","W1t7IkNVU1RQUk9QX2ljb24iOiJQR2tnWTJ4aGMzTTlJbVpoY3lCbVlTMTBjbUZ6YUMxaGJIUWlQand2YVQ0PSJ9LHsiQ1VTVFBST1BfdHlwZSI6ImRlbGV0ZV9kZXYifSx7IkNVU1RQUk9QX25hbWUiOiIifSx7IkNVU1RQUk9QX2FyZ3MiOiJEZWxldGUgZGV2aWNlIn0seyJDVVNUUFJPUF9ub3RlcyI6IiJ9LHsiQ1VTVFBST1Bfc2hvdyI6dHJ1ZX1dXQ==","None","[]","0"
"5e:5f:e4:96:9b:fa","Galaxy-Tab-A9moore","","Phone","(Unknown: locally administered) (802.1Q VLAN=23)","0","","","2025-09-08 20:57:19-04:00","2025-09-10 01:57:47","192.168.23.207","0","1","1","1","0","0","2025-09-08 20:57:42-04:00","1","1","","0","Internet","","PGkgY2xhc3M9ImZhIGZhLWNvbXB1dGVyIj48L2k+","2890c7be-8b38-4853-ac6b-a0b86678036c","","","","ARPSCAN","W1t7IkNVU1RQUk9QX2ljb24iOiJQR2tnWTJ4aGMzTTlJbVpoY3lCbVlTMTBjbUZ6YUMxaGJIUWlQand2YVQ0PSJ9LHsiQ1VTVFBST1BfdHlwZSI6ImRlbGV0ZV9kZXYifSx7IkNVU1RQUk9QX25hbWUiOiIifSx7IkNVU1RQUk9QX2FyZ3MiOiJEZWxldGUgZGV2aWNlIn0seyJDVVNUUFJPUF9ub3RlcyI6IiJ9LHsiQ1VTVFBST1Bfc2hvdyI6dHJ1ZX1dXQ==","Galaxy-Tab-A9.moore.lan.","[]","0"
"68:54:fd:f6:4e:7f","(name not found)","","Smart Speaker","Amazon Technologies Inc. (802.1Q VLAN=23)","0","","","2025-09-08 20:57:19-04:00","2025-09-10 01:57:47","192.168.23.223","0","1","1","1","0","0","2025-09-08 20:57:42-04:00","1","1","","0","Internet","","PGkgY2xhc3M9ImZhIGZhLXZvbHVtZS11cCI+PC9pPg==","d0e81530-1a8c-4acd-a0d1-3207fe390dc7","","","","ARPSCAN","W1t7IkNVU1RQUk9QX2ljb24iOiJQR2tnWTJ4aGMzTTlJbVpoY3lCbVlTMTBjbUZ6YUMxaGJIUWlQand2YVQ0PSJ9LHsiQ1VTVFBST1BfdHlwZSI6ImRlbGV0ZV9kZXYifSx7IkNVU1RQUk9QX25hbWUiOiIifSx7IkNVU1RQUk9QX2FyZ3MiOiJEZWxldGUgZGV2aWNlIn0seyJDVVNUUFJPUF9ub3RlcyI6IiJ9LHsiQ1VTVFBST1Bfc2hvdyI6dHJ1ZX1dXQ==","None","[]","0"
"8c:8c:aa:eb:1b:21","MMOORE14moore","","","LCFC(HeFei) Electronics Technology co., ltd (802.1Q VLAN=17)","0","","","2025-09-08 20:57:19-04:00","2025-09-10 01:57:47","192.168.17.2","0","1","1","1","0","0","2025-09-08 20:57:42-04:00","1","1","","0","Internet","3","PGkgY2xhc3M9ImZhIGZhLWNvbXB1dGVyIj48L2k+","1aed7f32-ddcd-41ab-95d1-5c1e24144827","","","","ARPSCAN","W1t7IkNVU1RQUk9QX2ljb24iOiJQR2tnWTJ4aGMzTTlJbVpoY3lCbVlTMTBjbUZ6YUMxaGJIUWlQand2YVQ0PSJ9LHsiQ1VTVFBST1BfdHlwZSI6ImRlbGV0ZV9kZXYifSx7IkNVU1RQUk9QX25hbWUiOiIifSx7IkNVU1RQUk9QX2FyZ3MiOiJEZWxldGUgZGV2aWNlIn0seyJDVVNUUFJPUF9ub3RlcyI6IiJ9LHsiQ1VTVFBST1Bfc2hvdyI6dHJ1ZX1dXQ==","MMOORE14.moore.lan.","[]","0"
"98:b7:85:1f:12:ea","null","","","Shenzhen 10Gtek Transceivers Co., Limited","0","","","2025-09-08 21:15:23-04:00","2025-09-10 01:57:47","192.168.3.201","0","1","1","1","0","0","2025-09-09 03:17:50-04:00","1","1","","0","78:45:58:d1:c9:3f","6","PGkgY2xhc3M9ImZhIGZhLWNvbXB1dGVyIj48L2k+","ea8e64f5-e946-4cc8-9cb3-f10e2d832f63","","","","UNFIMP","W1t7IkNVU1RQUk9QX2ljb24iOiJQR2tnWTJ4aGMzTTlJbVpoY3lCbVlTMTBjbUZ6YUMxaGJIUWlQand2YVQ0PSJ9LHsiQ1VTVFBST1BfdHlwZSI6ImRlbGV0ZV9kZXYifSx7IkNVU1RQUk9QX25hbWUiOiIifSx7IkNVU1RQUk9QX2FyZ3MiOiJEZWxldGUgZGV2aWNlIn0seyJDVVNUUFJPUF9ub3RlcyI6IiJ9LHsiQ1VTVFBST1Bfc2hvdyI6dHJ1ZX1dXQ==","None","[]","0"
"6c:4b:b4:fc:8f:21","null","","","HUMAX Co., Ltd.","0","","","2025-09-08 21:15:23-04:00","2025-09-10 01:57:47","192.168.1.254","0","1","1","1","0","0","2025-09-09 03:17:50-04:00","1","1","","0","6e:4b:b4:fc:8f:2f","23","PGkgY2xhc3M9ImZhIGZhLWNvbXB1dGVyIj48L2k+","0af988a9-9f8a-4a42-8b13-7567a9ba9ab9","","","","UNFIMP","W1t7IkNVU1RQUk9QX2ljb24iOiJQR2tnWTJ4aGMzTTlJbVpoY3lCbVlTMTBjbUZ6YUMxaGJIUWlQand2YVQ0PSJ9LHsiQ1VTVFBST1BfdHlwZSI6ImRlbGV0ZV9kZXYifSx7IkNVU1RQUk9QX25hbWUiOiIifSx7IkNVU1RQUk9QX2FyZ3MiOiJEZWxldGUgZGV2aWNlIn0seyJDVVNUUFJPUF9ub3RlcyI6IiJ9LHsiQ1VTVFBST1Bfc2hvdyI6dHJ1ZX1dXQ==","None","[]","0"
"b2:01:2c:4c:13:01","null","","","","0","","","2025-09-08 21:15:23-04:00","2025-09-10 01:57:47","192.168.8.106","0","1","1","1","0","0","2025-09-09 13:52:30-04:00","1","1","","0","24:5a:4c:7a:97:5e","null","PGkgY2xhc3M9ImZhIGZhLWNvbXB1dGVyIj48L2k+","5ff698de-39cd-4564-bcb7-4a1236325c52","","","","UNFIMP","W1t7IkNVU1RQUk9QX2ljb24iOiJQR2tnWTJ4aGMzTTlJbVpoY3lCbVlTMTBjbUZ6YUMxaGJIUWlQand2YVQ0PSJ9LHsiQ1VTVFBST1BfdHlwZSI6ImRlbGV0ZV9kZXYifSx7IkNVU1RQUk9QX25hbWUiOiIifSx7IkNVU1RQUk9QX2FyZ3MiOiJEZWxldGUgZGV2aWNlIn0seyJDVVNUUFJPUF9ub3RlcyI6IiJ9LHsiQ1VTVFBST1Bfc2hvdyI6dHJ1ZX1dXQ==","None","[]","0"
"6e:4b:b4:fc:8f:2e","null","","","","0","","","2025-09-08 21:15:23-04:00","2025-09-10 01:57:47","0.0.0.0","0","1","1","1","0","0","2025-09-09 03:17:50-04:00","1","1","","0","78:45:58:d1:c9:3f","23","PGkgY2xhc3M9ImZhIGZhLWNvbXB1dGVyIj48L2k+","dbf40e21-71a6-4c77-b0cc-e8d65e435002","","","","UNFIMP","W1t7IkNVU1RQUk9QX2ljb24iOiJQR2tnWTJ4aGMzTTlJbVpoY3lCbVlTMTBjbUZ6YUMxaGJIUWlQand2YVQ0PSJ9LHsiQ1VTVFBST1BfdHlwZSI6ImRlbGV0ZV9kZXYifSx7IkNVU1RQUk9QX25hbWUiOiIifSx7IkNVU1RQUk9QX2FyZ3MiOiJEZWxldGUgZGV2aWNlIn0seyJDVVNUUFJPUF9ub3RlcyI6IiJ9LHsiQ1VTVFBST1Bfc2hvdyI6dHJ1ZX1dXQ==","None","[]","0"
"a2:78:9d:86:fd:34","iPhone","","Phone","","0","","","2025-09-08 21:15:23-04:00","2025-09-10 01:57:47","192.168.8.216","0","1","1","1","0","0","2025-09-08 21:15:30-04:00","1","1","","0","24:5a:4c:7a:97:5e","null","PGkgY2xhc3M9ImZhLWJyYW5kcyBmYS1hcHBsZSI+PC9pPg==","ee245686-f84c-4174-8ebe-e1fbe9b47dcc","","","","UNFIMP","W1t7IkNVU1RQUk9QX2ljb24iOiJQR2tnWTJ4aGMzTTlJbVpoY3lCbVlTMTBjbUZ6YUMxaGJIUWlQand2YVQ0PSJ9LHsiQ1VTVFBST1BfdHlwZSI6ImRlbGV0ZV9kZXYifSx7IkNVU1RQUk9QX25hbWUiOiIifSx7IkNVU1RQUk9QX2FyZ3MiOiJEZWxldGUgZGV2aWNlIn0seyJDVVNUUFJPUF9ub3RlcyI6IiJ9LHsiQ1VTVFBST1Bfc2hvdyI6dHJ1ZX1dXQ==","None","[]","0"
"90:ec:77:34:ce:d8","atl-fw1-inet","","","silicom","0","","","2025-09-08 21:15:23-04:00","2025-09-10 01:57:47","192.168.10.2","0","1","1","1","0","0","2025-09-08 21:15:30-04:00","1","1","","0","0c:ea:14:29:35:3a","1","PGkgY2xhc3M9ImZhIGZhLWNvbXB1dGVyIj48L2k+","f7358d92-8b08-40d0-adda-1973e0bc763c","","","","UNFIMP","W1t7IkNVU1RQUk9QX2ljb24iOiJQR2tnWTJ4aGMzTTlJbVpoY3lCbVlTMTBjbUZ6YUMxaGJIUWlQand2YVQ0PSJ9LHsiQ1VTVFBST1BfdHlwZSI6ImRlbGV0ZV9kZXYifSx7IkNVU1RQUk9QX25hbWUiOiIifSx7IkNVU1RQUk9QX2FyZ3MiOiJEZWxldGUgZGV2aWNlIn0seyJDVVNUUFJPUF9ub3RlcyI6IiJ9LHsiQ1VTVFBST1Bfc2hvdyI6dHJ1ZX1dXQ==","None","[]","0"
"6e:4b:b4:fc:8f:2f","null","","","","0","","","2025-09-08 21:15:23-04:00","2025-09-10 01:57:47","0.0.0.0","0","1","1","1","0","0","2025-09-09 03:17:50-04:00","1","1","","0","78:45:58:d1:c9:3f","23","PGkgY2xhc3M9ImZhIGZhLWNvbXB1dGVyIj48L2k+","50cf402b-263f-470e-876b-26ef75cf52c0","","","","UNFIMP","W1t7IkNVU1RQUk9QX2ljb24iOiJQR2tnWTJ4aGMzTTlJbVpoY3lCbVlTMTBjbUZ6YUMxaGJIUWlQand2YVQ0PSJ9LHsiQ1VTVFBST1BfdHlwZSI6ImRlbGV0ZV9kZXYifSx7IkNVU1RQUk9QX25hbWUiOiIifSx7IkNVU1RQUk9QX2FyZ3MiOiJEZWxldGUgZGV2aWNlIn0seyJDVVNUUFJPUF9ub3RlcyI6IiJ9LHsiQ1VTVFBST1Bfc2hvdyI6dHJ1ZX1dXQ==","None","[]","0"
"0c:ea:14:31:8f:9b","ATLFW1-INET","","Router","Ubiquiti Networks Inc.","0","","","2025-09-08 21:15:23-04:00","2025-09-10 01:57:47","192.168.69.1","0","1","1","1","1","0","2025-09-08 21:15:30-04:00","1","1","","0","Internet","null","PGkgY2xhc3M9ImZhIGZhLW5ldHdvcmstd2lyZWQiPjwvaT4=","d732b1c4-74a1-4be7-b1ee-8eb548caf95f","","","","UNFIMP","W1t7IkNVU1RQUk9QX2ljb24iOiJQR2tnWTJ4aGMzTTlJbVpoY3lCbVlTMTBjbUZ6YUMxaGJIUWlQand2YVQ0PSJ9LHsiQ1VTVFBST1BfdHlwZSI6ImRlbGV0ZV9kZXYifSx7IkNVU1RQUk9QX25hbWUiOiIifSx7IkNVU1RQUk9QX2FyZ3MiOiJEZWxldGUgZGV2aWNlIn0seyJDVVNUUFJPUF9ub3RlcyI6IiJ9LHsiQ1VTVFBST1Bfc2hvdyI6dHJ1ZX1dXQ==","None","default","0"
"d0:21:f9:bd:98:03","atl-office","","Switch","Ubiquiti Networks Inc.","0","","","2025-09-08 21:15:23-04:00","2025-09-10 01:57:47","192.168.69.38","0","1","1","1","0","0","2025-09-08 21:15:30-04:00","1","1","","0","78:45:58:d1:c9:3f","2","PGkgY2xhc3M9ImZhIGZhLW5ldHdvcmstd2lyZWQiPjwvaT4=","a84e6766-cd40-46a3-8413-8e3de5db4e1e","","","","UNFIMP","W1t7IkNVU1RQUk9QX2ljb24iOiJQR2tnWTJ4aGMzTTlJbVpoY3lCbVlTMTBjbUZ6YUMxaGJIUWlQand2YVQ0PSJ9LHsiQ1VTVFBST1BfdHlwZSI6ImRlbGV0ZV9kZXYifSx7IkNVU1RQUk9QX25hbWUiOiIifSx7IkNVU1RQUk9QX2FyZ3MiOiJEZWxldGUgZGV2aWNlIn0seyJDVVNUUFJPUF9ub3RlcyI6IiJ9LHsiQ1VTVFBST1Bfc2hvdyI6dHJ1ZX1dXQ==","None","[]","0"
"78:45:58:d1:c9:3f","atl-core-sw1","","Switch","Ubiquiti Networks Inc.","0","","","2025-09-08 21:15:23-04:00","2025-09-10 01:57:47","192.168.69.31","0","1","1","1","0","0","2025-09-09 03:12:48-04:00","1","1","","0","0c:ea:14:31:8f:9b","2","PGkgY2xhc3M9ImZhIGZhLW5ldHdvcmstd2lyZWQiPjwvaT4=","37a81731-3832-40b8-bed7-b4f1b2a13022","","","","UNFIMP","W1t7IkNVU1RQUk9QX2ljb24iOiJQR2tnWTJ4aGMzTTlJbVpoY3lCbVlTMTBjbUZ6YUMxaGJIUWlQand2YVQ0PSJ9LHsiQ1VTVFBST1BfdHlwZSI6ImRlbGV0ZV9kZXYifSx7IkNVU1RQUk9QX25hbWUiOiIifSx7IkNVU1RQUk9QX2FyZ3MiOiJEZWxldGUgZGV2aWNlIn0seyJDVVNUUFJPUF9ub3RlcyI6IiJ9LHsiQ1VTVFBST1Bfc2hvdyI6dHJ1ZX1dXQ==","None","[]","0"
"0c:ea:14:29:35:3a","atl-extension-sw","","Switch","Ubiquiti Networks Inc.","0","","","2025-09-08 21:15:23-04:00","2025-09-10 01:57:47","192.168.69.44","0","1","1","1","0","0","2025-09-09 03:03:02-04:00","1","1","","0","78:45:58:d1:c9:3f","25","PGkgY2xhc3M9ImZhIGZhLW5ldHdvcmstd2lyZWQiPjwvaT4=","067b49ac-b2bd-4604-a472-00bfd9ebc320","","","","UNFIMP","W1t7IkNVU1RQUk9QX2ljb24iOiJQR2tnWTJ4aGMzTTlJbVpoY3lCbVlTMTBjbUZ6YUMxaGJIUWlQand2YVQ0PSJ9LHsiQ1VTVFBST1BfdHlwZSI6ImRlbGV0ZV9kZXYifSx7IkNVU1RQUk9QX25hbWUiOiIifSx7IkNVU1RQUk9QX2FyZ3MiOiJEZWxldGUgZGV2aWNlIn0seyJDVVNUUFJPUF9ub3RlcyI6IiJ9LHsiQ1VTVFBST1Bfc2hvdyI6dHJ1ZX1dXQ==","None","[]","0"
"60:22:32:fc:5a:42","atl-Lite-8-PoE","","Switch","Ubiquiti Networks Inc.","0","","","2025-09-08 21:15:23-04:00","2025-09-10 01:57:47","192.168.69.35","0","1","1","1","0","0","2025-09-09 03:12:48-04:00","1","1","","0","78:45:58:d1:c9:3f","15","PGkgY2xhc3M9ImZhIGZhLW5ldHdvcmstd2lyZWQiPjwvaT4=","2196380b-23b6-48ad-a6f2-c38483d5b6ad","","","","UNFIMP","W1t7IkNVU1RQUk9QX2ljb24iOiJQR2tnWTJ4aGMzTTlJbVpoY3lCbVlTMTBjbUZ6YUMxaGJIUWlQand2YVQ0PSJ9LHsiQ1VTVFBST1BfdHlwZSI6ImRlbGV0ZV9kZXYifSx7IkNVU1RQUk9QX25hbWUiOiIifSx7IkNVU1RQUk9QX2FyZ3MiOiJEZWxldGUgZGV2aWNlIn0seyJDVVNUUFJPUF9ub3RlcyI6IiJ9LHsiQ1VTVFBST1Bfc2hvdyI6dHJ1ZX1dXQ==","None","[]","0"
"f4:e2:c6:51:26:a1","atl-bedroom","","Switch","Ubiquiti Networks Inc.","0","","","2025-09-08 21:15:23-04:00","2025-09-10 01:57:47","192.168.69.39","0","1","1","1","0","0","2025-09-09 03:17:50-04:00","1","1","","0","78:45:58:d1:c9:3f","12","PGkgY2xhc3M9ImZhIGZhLW5ldHdvcmstd2lyZWQiPjwvaT4=","d9c5371b-6ca7-4b84-ae65-490f8fdc442b","","","","UNFIMP","W1t7IkNVU1RQUk9QX2ljb24iOiJQR2tnWTJ4aGMzTTlJbVpoY3lCbVlTMTBjbUZ6YUMxaGJIUWlQand2YVQ0PSJ9LHsiQ1VTVFBST1BfdHlwZSI6ImRlbGV0ZV9kZXYifSx7IkNVU1RQUk9QX25hbWUiOiIifSx7IkNVU1RQUk9QX2FyZ3MiOiJEZWxldGUgZGV2aWNlIn0seyJDVVNUUFJPUF9ub3RlcyI6IiJ9LHsiQ1VTVFBST1Bfc2hvdyI6dHJ1ZX1dXQ==","None","[]","0"
"68:3a:48:12:19:33","TizenRT","","","SAMJIN Co., Ltd.","0","","","2025-09-08 21:29:01-04:00","2025-09-10 01:57:47","192.168.14.105","0","1","1","1","0","0","2025-09-09 12:43:18-04:00","1","1","","0","78:45:58:48:27:a0","null","PGkgY2xhc3M9ImZhIGZhLWNvbXB1dGVyIj48L2k+","b8327b4e-6e4e-4d32-9f7a-0ae496209870","","","","UNFIMP","W1t7IkNVU1RQUk9QX2ljb24iOiJQR2tnWTJ4aGMzTTlJbVpoY3lCbVlTMTBjbUZ6YUMxaGJIUWlQand2YVQ0PSJ9LHsiQ1VTVFBST1BfdHlwZSI6ImRlbGV0ZV9kZXYifSx7IkNVU1RQUk9QX25hbWUiOiIifSx7IkNVU1RQUk9QX2FyZ3MiOiJEZWxldGUgZGV2aWNlIn0seyJDVVNUUFJPUF9ub3RlcyI6IiJ9LHsiQ1VTVFBST1Bfc2hvdyI6dHJ1ZX1dXQ==","None","[]","0"
"4a:d6:e5:7d:c4:c6","null","","","","0","","","2025-09-09 00:22:16-04:00","2025-09-10 01:57:47","192.168.14.222","0","1","1","1","0","0","2025-09-09 12:27:56-04:00","1","1","","0","24:5a:4c:7a:97:5e","null","PGkgY2xhc3M9ImZhIGZhLWNvbXB1dGVyIj48L2k+","fec3249d-bc82-43f6-8960-42d1a07b5afc","","","","UNFIMP","W1t7IkNVU1RQUk9QX2ljb24iOiJQR2tnWTJ4aGMzTTlJbVpoY3lCbVlTMTBjbUZ6YUMxaGJIUWlQand2YVQ0PSJ9LHsiQ1VTVFBST1BfdHlwZSI6ImRlbGV0ZV9kZXYifSx7IkNVU1RQUk9QX25hbWUiOiIifSx7IkNVU1RQUk9QX2FyZ3MiOiJEZWxldGUgZGV2aWNlIn0seyJDVVNUUFJPUF9ub3RlcyI6IiJ9LHsiQ1VTVFBST1Bfc2hvdyI6dHJ1ZX1dXQ==","None","[]","0"
"de:02:d0:89:cc:c4","(name not found)","","","(Unknown: locally administered) (802.1Q VLAN=14)","0","","","2025-09-09 03:27:28-04:00","2025-09-10 01:57:47","192.168.14.160","0","1","1","1","0","0","2025-09-09 03:27:38-04:00","1","1","","0","Internet","","PGkgY2xhc3M9ImZhIGZhLWNvbXB1dGVyIj48L2k+","0d158e35-21df-4b51-8ff0-d9b3880de7fc","","","","ARPSCAN","W1t7IkNVU1RQUk9QX2ljb24iOiJQR2tnWTJ4aGMzTTlJbVpoY3lCbVlTMTBjbUZ6YUMxaGJIUWlQand2YVQ0PSJ9LHsiQ1VTVFBST1BfdHlwZSI6ImRlbGV0ZV9kZXYifSx7IkNVU1RQUk9QX25hbWUiOiIifSx7IkNVU1RQUk9QX2FyZ3MiOiJEZWxldGUgZGV2aWNlIn0seyJDVVNUUFJPUF9ub3RlcyI6IiJ9LHsiQ1VTVFBST1Bfc2hvdyI6dHJ1ZX1dXQ==","None","[]","0"
"e2:7d:85:be:de:6f","null","","","","0","","","2025-09-09 07:23:02-04:00","2025-09-10 01:57:47","192.168.6.26","0","1","1","1","0","0","2025-09-09 13:52:30-04:00","1","1","","0","24:5a:4c:7a:97:5e","null","PGkgY2xhc3M9ImZhIGZhLWNvbXB1dGVyIj48L2k+","16c4348a-30dc-4274-ab93-27d290251368","","","","UNFIMP","W1t7IkNVU1RQUk9QX2ljb24iOiJQR2tnWTJ4aGMzTTlJbVpoY3lCbVlTMTBjbUZ6YUMxaGJIUWlQand2YVQ0PSJ9LHsiQ1VTVFBST1BfdHlwZSI6ImRlbGV0ZV9kZXYifSx7IkNVU1RQUk9QX25hbWUiOiIifSx7IkNVU1RQUk9QX2FyZ3MiOiJEZWxldGUgZGV2aWNlIn0seyJDVVNUUFJPUF9ub3RlcyI6IiJ9LHsiQ1VTVFBST1Bfc2hvdyI6dHJ1ZX1dXQ==","None","[]","0"
"a0:d0:dc:cc:44:d6","Office FireStick","","Smart Speaker","Amazon Technologies Inc.","0","","","2025-09-09 13:52:17-04:00","2025-09-10 01:57:47","192.168.14.116","0","1","1","1","0","0","2025-09-09 13:52:30-04:00","1","1","","0","null","null","PGkgY2xhc3M9ImZhIGZhLXZvbHVtZS11cCI+PC9pPg==","6969621e-ebe8-462e-ae97-0526f89cff7e","","","","UNFIMP","W1t7IkNVU1RQUk9QX2ljb24iOiJQR2tnWTJ4aGMzTTlJbVpoY3lCbVlTMTBjbUZ6YUMxaGJIUWlQand2YVQ0PSJ9LHsiQ1VTVFBST1BfdHlwZSI6ImRlbGV0ZV9kZXYifSx7IkNVU1RQUk9QX25hbWUiOiIifSx7IkNVU1RQUk9QX2FyZ3MiOiJEZWxldGUgZGV2aWNlIn0seyJDVVNUUFJPUF9ub3RlcyI6IiJ9LHsiQ1VTVFBST1Bfc2hvdyI6dHJ1ZX1dXQ==","None","[]","0"
"54:e0:19:5b:09:04","ChimePro-04","","","RingLlc","0","","","2025-09-09 13:52:17-04:00","2025-09-10 01:57:47","192.168.14.29","0","1","1","1","0","0","2025-09-09 13:52:30-04:00","1","1","","0","null","null","PGkgY2xhc3M9ImZhIGZhLWNvbXB1dGVyIj48L2k+","4c8b7e7e-e804-4c0b-b9c4-e72750f17e45","","","","UNFIMP","W1t7IkNVU1RQUk9QX2ljb24iOiJQR2tnWTJ4aGMzTTlJbVpoY3lCbVlTMTBjbUZ6YUMxaGJIUWlQand2YVQ0PSJ9LHsiQ1VTVFBST1BfdHlwZSI6ImRlbGV0ZV9kZXYifSx7IkNVU1RQUk9QX25hbWUiOiIifSx7IkNVU1RQUk9QX2FyZ3MiOiJEZWxldGUgZGV2aWNlIn0seyJDVVNUUFJPUF9ub3RlcyI6IiJ9LHsiQ1VTVFBST1Bfc2hvdyI6dHJ1ZX1dXQ==","None","[]","0"
"d2:89:43:0c:a9:cf","Mikes iPhone","","Phone","","0","","","2025-09-09 13:52:17-04:00","2025-09-10 01:57:47","192.168.14.67","0","1","1","1","0","0","2025-09-09 13:52:30-04:00","1","1","","0","null","null","PGkgY2xhc3M9ImZhLWJyYW5kcyBmYS1hcHBsZSI+PC9pPg==","274c50a9-1c50-472b-b953-e4701994ddc6","","","","UNFIMP","W1t7IkNVU1RQUk9QX2ljb24iOiJQR2tnWTJ4aGMzTTlJbVpoY3lCbVlTMTBjbUZ6YUMxaGJIUWlQand2YVQ0PSJ9LHsiQ1VTVFBST1BfdHlwZSI6ImRlbGV0ZV9kZXYifSx7IkNVU1RQUk9QX25hbWUiOiIifSx7IkNVU1RQUk9QX2FyZ3MiOiJEZWxldGUgZGV2aWNlIn0seyJDVVNUUFJPUF9ub3RlcyI6IiJ9LHsiQ1VTVFBST1Bfc2hvdyI6dHJ1ZX1dXQ==","None","[]","0"
"00:e0:67:27:9d:79","GAFW-Pfsense","","","eac AUTOMATION-CONSULTING GmbH","0","","","2025-09-09 13:52:17-04:00","2025-09-10 01:57:47","192.168.111.1","0","1","1","1","0","0","2025-09-09 13:52:30-04:00","1","1","","0","null","null","PGkgY2xhc3M9ImZhIGZhLWNvbXB1dGVyIj48L2k+","3167f46c-1912-4158-99b0-4f9537c82b7b","","","","UNFIMP","W1t7IkNVU1RQUk9QX2ljb24iOiJQR2tnWTJ4aGMzTTlJbVpoY3lCbVlTMTBjbUZ6YUMxaGJIUWlQand2YVQ0PSJ9LHsiQ1VTVFBST1BfdHlwZSI6ImRlbGV0ZV9kZXYifSx7IkNVU1RQUk9QX25hbWUiOiIifSx7IkNVU1RQUk9QX2FyZ3MiOiJEZWxldGUgZGV2aWNlIn0seyJDVVNUUFJPUF9ub3RlcyI6IiJ9LHsiQ1VTVFBST1Bfc2hvdyI6dHJ1ZX1dXQ==","None","[]","0"
"02:42:c0:a8:0f:9b","VaultWarden","","","","0","","","2025-09-09 13:52:17-04:00","2025-09-10 01:57:47","192.168.15.155","0","1","1","1","0","0","2025-09-09 13:52:30-04:00","1","1","","0","null","null","PGkgY2xhc3M9ImZhIGZhLWNvbXB1dGVyIj48L2k+","ad95c7fd-85ae-4054-bc5d-dec984ae7877","","","","UNFIMP","W1t7IkNVU1RQUk9QX2ljb24iOiJQR2tnWTJ4aGMzTTlJbVpoY3lCbVlTMTBjbUZ6YUMxaGJIUWlQand2YVQ0PSJ9LHsiQ1VTVFBST1BfdHlwZSI6ImRlbGV0ZV9kZXYifSx7IkNVU1RQUk9QX25hbWUiOiIifSx7IkNVU1RQUk9QX2FyZ3MiOiJEZWxldGUgZGV2aWNlIn0seyJDVVNUUFJPUF9ub3RlcyI6IiJ9LHsiQ1VTVFBST1Bfc2hvdyI6dHJ1ZX1dXQ==","None","[]","0"
"9c:95:61:e1:c8:46","32TCLRokuTV","","TV","Hui Zhou Gaoshengda Technology Co.,LTD","0","","","2025-09-09 13:52:17-04:00","2025-09-10 01:57:47","192.168.23.203","0","1","1","1","0","0","2025-09-09 13:52:30-04:00","1","1","","0","null","null","PGkgY2xhc3M9ImZhIGZhLXR2Ij48L2k+","5a89a540-7e40-401c-b89c-b84f8fde2b51","","","","UNFIMP","W1t7IkNVU1RQUk9QX2ljb24iOiJQR2tnWTJ4aGMzTTlJbVpoY3lCbVlTMTBjbUZ6YUMxaGJIUWlQand2YVQ0PSJ9LHsiQ1VTVFBST1BfdHlwZSI6ImRlbGV0ZV9kZXYifSx7IkNVU1RQUk9QX25hbWUiOiIifSx7IkNVU1RQUk9QX2FyZ3MiOiJEZWxldGUgZGV2aWNlIn0seyJDVVNUUFJPUF9ub3RlcyI6IiJ9LHsiQ1VTVFBST1Bfc2hvdyI6dHJ1ZX1dXQ==","None","[]","0"
"10:13:69:25:14:aa","null","","","","0","","","2025-09-09 13:52:17-04:00","2025-09-10 01:57:47","0.0.0.0","0","1","1","1","0","0","2025-09-09 13:52:30-04:00","1","1","","0","null","null","PGkgY2xhc3M9ImZhIGZhLWNvbXB1dGVyIj48L2k+","24b53862-ba5b-4265-a314-0a19f4cfc181","","","","UNFIMP","W1t7IkNVU1RQUk9QX2ljb24iOiJQR2tnWTJ4aGMzTTlJbVpoY3lCbVlTMTBjbUZ6YUMxaGJIUWlQand2YVQ0PSJ9LHsiQ1VTVFBST1BfdHlwZSI6ImRlbGV0ZV9kZXYifSx7IkNVU1RQUk9QX25hbWUiOiIifSx7IkNVU1RQUk9QX2FyZ3MiOiJEZWxldGUgZGV2aWNlIn0seyJDVVNUUFJPUF9ub3RlcyI6IiJ9LHsiQ1VTVFBST1Bfc2hvdyI6dHJ1ZX1dXQ==","None","[]","0"
"32:13:57:3c:c5:6c","Mikes iPhone","","Phone","","0","","","2025-09-09 13:52:17-04:00","2025-09-10 01:57:47","192.168.11.27","0","1","1","1","0","0","2025-09-09 13:52:30-04:00","1","1","","0","null","null","PGkgY2xhc3M9ImZhLWJyYW5kcyBmYS1hcHBsZSI+PC9pPg==","13c4b2e0-5457-43aa-a321-74ac33fd9359","","","","UNFIMP","W1t7IkNVU1RQUk9QX2ljb24iOiJQR2tnWTJ4aGMzTTlJbVpoY3lCbVlTMTBjbUZ6YUMxaGJIUWlQand2YVQ0PSJ9LHsiQ1VTVFBST1BfdHlwZSI6ImRlbGV0ZV9kZXYifSx7IkNVU1RQUk9QX25hbWUiOiIifSx7IkNVU1RQUk9QX2FyZ3MiOiJEZWxldGUgZGV2aWNlIn0seyJDVVNUUFJPUF9ub3RlcyI6IiJ9LHsiQ1VTVFBST1Bfc2hvdyI6dHJ1ZX1dXQ==","None","[]","0"
"58:ce:2a:9c:98:11","chloe-laptop","","Access Point","Intel Corporate","0","","","2025-09-09 13:52:17-04:00","2025-09-10 01:57:47","192.168.23.206","0","1","1","1","0","0","2025-09-09 13:52:30-04:00","1","1","","0","24:5a:4c:7a:97:5e","null","PGkgY2xhc3M9ImZhIGZhLW5ldHdvcmstd2lyZWQiPjwvaT4=","645b486a-1fbb-4849-b257-74dcd86ba17d","","","","UNFIMP","W1t7IkNVU1RQUk9QX2ljb24iOiJQR2tnWTJ4aGMzTTlJbVpoY3lCbVlTMTBjbUZ6YUMxaGJIUWlQand2YVQ0PSJ9LHsiQ1VTVFBST1BfdHlwZSI6ImRlbGV0ZV9kZXYifSx7IkNVU1RQUk9QX25hbWUiOiIifSx7IkNVU1RQUk9QX2FyZ3MiOiJEZWxldGUgZGV2aWNlIn0seyJDVVNUUFJPUF9ub3RlcyI6IiJ9LHsiQ1VTVFBST1Bfc2hvdyI6dHJ1ZX1dXQ==","None","[]","0"
"7e:18:bd:a3:b5:43","netbox-192-168-3-35","","","","0","","","2025-09-09 13:52:17-04:00","2025-09-10 01:57:47","192.168.3.35","0","1","1","1","0","0","2025-09-09 13:52:30-04:00","1","1","","0","null","null","PGkgY2xhc3M9ImZhIGZhLWNvbXB1dGVyIj48L2k+","35ff5de2-5f70-47d5-9334-e4ea751237fa","","","","UNFIMP","W1t7IkNVU1RQUk9QX2ljb24iOiJQR2tnWTJ4aGMzTTlJbVpoY3lCbVlTMTBjbUZ6YUMxaGJIUWlQand2YVQ0PSJ9LHsiQ1VTVFBST1BfdHlwZSI6ImRlbGV0ZV9kZXYifSx7IkNVU1RQUk9QX25hbWUiOiIifSx7IkNVU1RQUk9QX2FyZ3MiOiJEZWxldGUgZGV2aWNlIn0seyJDVVNUUFJPUF9ub3RlcyI6IiJ9LHsiQ1VTVFBST1Bfc2hvdyI6dHJ1ZX1dXQ==","None","[]","0"
"5a:42:b8:ed:93:fa","nxfilter-dns","","","","0","","","2025-09-09 13:52:17-04:00","2025-09-10 01:57:47","192.168.3.60","0","1","1","1","0","0","2025-09-09 13:52:30-04:00","1","1","","0","null","null","PGkgY2xhc3M9ImZhIGZhLWNvbXB1dGVyIj48L2k+","343e867e-3fa3-4625-b1f8-0f3e2319896c","","","","UNFIMP","W1t7IkNVU1RQUk9QX2ljb24iOiJQR2tnWTJ4aGMzTTlJbVpoY3lCbVlTMTBjbUZ6YUMxaGJIUWlQand2YVQ0PSJ9LHsiQ1VTVFBST1BfdHlwZSI6ImRlbGV0ZV9kZXYifSx7IkNVU1RQUk9QX25hbWUiOiIifSx7IkNVU1RQUk9QX2FyZ3MiOiJEZWxldGUgZGV2aWNlIn0seyJDVVNUUFJPUF9ub3RlcyI6IiJ9LHsiQ1VTVFBST1Bfc2hvdyI6dHJ1ZX1dXQ==","None","[]","0"
"ba:41:03:d6:97:ec","null","","","","0","","","2025-09-09 13:52:17-04:00","2025-09-10 01:57:47","0.0.0.0","0","1","1","1","0","0","2025-09-09 13:52:30-04:00","1","1","","0","null","null","PGkgY2xhc3M9ImZhIGZhLWNvbXB1dGVyIj48L2k+","f1f57e5c-dfcb-4ef2-849d-d17b60f3fc1d","","","","UNFIMP","W1t7IkNVU1RQUk9QX2ljb24iOiJQR2tnWTJ4aGMzTTlJbVpoY3lCbVlTMTBjbUZ6YUMxaGJIUWlQand2YVQ0PSJ9LHsiQ1VTVFBST1BfdHlwZSI6ImRlbGV0ZV9kZXYifSx7IkNVU1RQUk9QX25hbWUiOiIifSx7IkNVU1RQUk9QX2FyZ3MiOiJEZWxldGUgZGV2aWNlIn0seyJDVVNUUFJPUF9ub3RlcyI6IiJ9LHsiQ1VTVFBST1Bfc2hvdyI6dHJ1ZX1dXQ==","None","[]","0"
"00:0c:29:73:fe:bb","null","","VM","VMware, Inc.","0","","","2025-09-09 13:52:17-04:00","2025-09-10 01:57:47","192.168.69.200","0","1","1","1","0","0","2025-09-09 13:52:30-04:00","1","1","","0","null","null","PGkgY2xhc3M9ImZhIGZhLXNlcnZlciI+PC9pPg==","bd668df8-7670-42b8-8ba6-8fde094bc2ee","","","","UNFIMP","W1t7IkNVU1RQUk9QX2ljb24iOiJQR2tnWTJ4aGMzTTlJbVpoY3lCbVlTMTBjbUZ6YUMxaGJIUWlQand2YVQ0PSJ9LHsiQ1VTVFBST1BfdHlwZSI6ImRlbGV0ZV9kZXYifSx7IkNVU1RQUk9QX25hbWUiOiIifSx7IkNVU1RQUk9QX2FyZ3MiOiJEZWxldGUgZGV2aWNlIn0seyJDVVNUUFJPUF9ub3RlcyI6IiJ9LHsiQ1VTVFBST1Bfc2hvdyI6dHJ1ZX1dXQ==","None","[]","0"
"f0:d4:15:15:c9:c6","DESKTOP-NT7FIJV","","Desktop","Intel Corporate","0","","","2025-09-09 13:52:17-04:00","2025-09-10 01:57:47","192.168.14.235","0","1","1","1","0","0","2025-09-09 13:52:30-04:00","1","1","","0","null","null","PGkgY2xhc3M9ImZhIGZhLWRlc2t0b3AiPjwvaT4=","b79dc864-ce75-4983-859d-ddedb8c1f15f","","","","UNFIMP","W1t7IkNVU1RQUk9QX2ljb24iOiJQR2tnWTJ4aGMzTTlJbVpoY3lCbVlTMTBjbUZ6YUMxaGJIUWlQand2YVQ0PSJ9LHsiQ1VTVFBST1BfdHlwZSI6ImRlbGV0ZV9kZXYifSx7IkNVU1RQUk9QX25hbWUiOiIifSx7IkNVU1RQUk9QX2FyZ3MiOiJEZWxldGUgZGV2aWNlIn0seyJDVVNUUFJPUF9ub3RlcyI6IiJ9LHsiQ1VTVFBST1Bfc2hvdyI6dHJ1ZX1dXQ==","None","[]","0"
"86:4a:75:57:44:3a","iPhone","","Phone","","0","","","2025-09-09 13:52:17-04:00","2025-09-10 01:57:47","192.168.14.7","0","1","1","1","0","0","2025-09-09 13:52:30-04:00","1","1","","0","null","null","PGkgY2xhc3M9ImZhLWJyYW5kcyBmYS1hcHBsZSI+PC9pPg==","4a0e721d-bbc0-464a-b09e-a2a5e7ae0ab6","","","","UNFIMP","W1t7IkNVU1RQUk9QX2ljb24iOiJQR2tnWTJ4aGMzTTlJbVpoY3lCbVlTMTBjbUZ6YUMxaGJIUWlQand2YVQ0PSJ9LHsiQ1VTVFBST1BfdHlwZSI6ImRlbGV0ZV9kZXYifSx7IkNVU1RQUk9QX25hbWUiOiIifSx7IkNVU1RQUk9QX2FyZ3MiOiJEZWxldGUgZGV2aWNlIn0seyJDVVNUUFJPUF9ub3RlcyI6IiJ9LHsiQ1VTVFBST1Bfc2hvdyI6dHJ1ZX1dXQ==","None","[]","0"
"94:53:30:89:fc:01","METROPOLIS","","","Hon Hai Precision Ind. Co.,Ltd.","0","","","2025-09-09 13:52:17-04:00","2025-09-10 01:57:47","192.168.14.151","0","1","1","1","0","0","2025-09-09 13:52:30-04:00","1","1","","0","null","null","PGkgY2xhc3M9ImZhIGZhLWNvbXB1dGVyIj48L2k+","f149d8ce-85e1-484b-b124-4832cb5e35e1","","","","UNFIMP","W1t7IkNVU1RQUk9QX2ljb24iOiJQR2tnWTJ4aGMzTTlJbVpoY3lCbVlTMTBjbUZ6YUMxaGJIUWlQand2YVQ0PSJ9LHsiQ1VTVFBST1BfdHlwZSI6ImRlbGV0ZV9kZXYifSx7IkNVU1RQUk9QX25hbWUiOiIifSx7IkNVU1RQUk9QX2FyZ3MiOiJEZWxldGUgZGV2aWNlIn0seyJDVVNUUFJPUF9ub3RlcyI6IiJ9LHsiQ1VTVFBST1Bfc2hvdyI6dHJ1ZX1dXQ==","None","[]","0"
"f4:8e:38:ad:db:a4","METROPOLIS","","Desktop","Dell Inc.","0","","","2025-09-09 13:52:17-04:00","2025-09-10 01:57:47","192.168.50.252","0","1","1","1","0","0","2025-09-09 13:52:30-04:00","1","1","","0","null","null","PGkgY2xhc3M9ImZhIGZhLWRlc2t0b3AiPjwvaT4=","2ec3e01c-f13e-40b8-a763-4ca98d1dc61c","","","","UNFIMP","W1t7IkNVU1RQUk9QX2ljb24iOiJQR2tnWTJ4aGMzTTlJbVpoY3lCbVlTMTBjbUZ6YUMxaGJIUWlQand2YVQ0PSJ9LHsiQ1VTVFBST1BfdHlwZSI6ImRlbGV0ZV9kZXYifSx7IkNVU1RQUk9QX25hbWUiOiIifSx7IkNVU1RQUk9QX2FyZ3MiOiJEZWxldGUgZGV2aWNlIn0seyJDVVNUUFJPUF9ub3RlcyI6IiJ9LHsiQ1VTVFBST1Bfc2hvdyI6dHJ1ZX1dXQ==","None","[]","0"
"46:bc:1b:b1:ba:6b","null","","","","0","","","2025-09-09 13:52:17-04:00","2025-09-10 01:57:47","192.168.14.128","0","1","1","1","0","0","2025-09-09 13:52:30-04:00","1","1","","0","null","null","PGkgY2xhc3M9ImZhIGZhLWNvbXB1dGVyIj48L2k+","44d04685-3339-4929-a62c-3ec18bd4aa12","","","","UNFIMP","W1t7IkNVU1RQUk9QX2ljb24iOiJQR2tnWTJ4aGMzTTlJbVpoY3lCbVlTMTBjbUZ6YUMxaGJIUWlQand2YVQ0PSJ9LHsiQ1VTVFBST1BfdHlwZSI6ImRlbGV0ZV9kZXYifSx7IkNVU1RQUk9QX25hbWUiOiIifSx7IkNVU1RQUk9QX2FyZ3MiOiJEZWxldGUgZGV2aWNlIn0seyJDVVNUUFJPUF9ub3RlcyI6IiJ9LHsiQ1VTVFBST1Bfc2hvdyI6dHJ1ZX1dXQ==","None","[]","0"
"d4:2f:ca:a4:c9:dc","null","","Phone","Apple, Inc.","0","","","2025-09-09 13:52:17-04:00","2025-09-10 01:57:47","0.0.0.0","0","1","1","1","0","0","2025-09-09 13:52:30-04:00","1","1","","0","null","null","PGkgY2xhc3M9ImZhLWJyYW5kcyBmYS1hcHBsZSI+PC9pPg==","8707f029-49ae-4d4d-ad87-eeec3a6099e3","","","","UNFIMP","W1t7IkNVU1RQUk9QX2ljb24iOiJQR2tnWTJ4aGMzTTlJbVpoY3lCbVlTMTBjbUZ6YUMxaGJIUWlQand2YVQ0PSJ9LHsiQ1VTVFBST1BfdHlwZSI6ImRlbGV0ZV9kZXYifSx7IkNVU1RQUk9QX25hbWUiOiIifSx7IkNVU1RQUk9QX2FyZ3MiOiJEZWxldGUgZGV2aWNlIn0seyJDVVNUUFJPUF9ub3RlcyI6IiJ9LHsiQ1VTVFBST1Bfc2hvdyI6dHJ1ZX1dXQ==","None","[]","0"
"f6:f3:e3:c5:5b:50","syslog2","","","","0","","","2025-09-09 13:52:17-04:00","2025-09-10 01:57:47","192.168.50.119","0","1","1","1","0","0","2025-09-09 13:52:30-04:00","1","1","","0","null","null","PGkgY2xhc3M9ImZhIGZhLWNvbXB1dGVyIj48L2k+","2355b703-e50e-4093-8772-03232587b847","","","","UNFIMP","W1t7IkNVU1RQUk9QX2ljb24iOiJQR2tnWTJ4aGMzTTlJbVpoY3lCbVlTMTBjbUZ6YUMxaGJIUWlQand2YVQ0PSJ9LHsiQ1VTVFBST1BfdHlwZSI6ImRlbGV0ZV9kZXYifSx7IkNVU1RQUk9QX25hbWUiOiIifSx7IkNVU1RQUk9QX2FyZ3MiOiJEZWxldGUgZGV2aWNlIn0seyJDVVNUUFJPUF9ub3RlcyI6IiJ9LHsiQ1VTVFBST1Bfc2hvdyI6dHJ1ZX1dXQ==","None","[]","0"
"7a:b9:3c:08:0f:f3","iPhone","","Phone","","0","","","2025-09-09 13:52:17-04:00","2025-09-10 01:57:47","192.168.11.133","0","1","1","1","0","0","2025-09-09 13:52:30-04:00","1","1","","0","null","null","PGkgY2xhc3M9ImZhLWJyYW5kcyBmYS1hcHBsZSI+PC9pPg==","e1642e03-8fc5-4ead-817b-01b929763c4d","","","","UNFIMP","W1t7IkNVU1RQUk9QX2ljb24iOiJQR2tnWTJ4aGMzTTlJbVpoY3lCbVlTMTBjbUZ6YUMxaGJIUWlQand2YVQ0PSJ9LHsiQ1VTVFBST1BfdHlwZSI6ImRlbGV0ZV9kZXYifSx7IkNVU1RQUk9QX25hbWUiOiIifSx7IkNVU1RQUk9QX2FyZ3MiOiJEZWxldGUgZGV2aWNlIn0seyJDVVNUUFJPUF9ub3RlcyI6IiJ9LHsiQ1VTVFBST1Bfc2hvdyI6dHJ1ZX1dXQ==","None","[]","0"
"92:cd:72:ce:83:55","dockers","","","","0","","","2025-09-09 13:52:17-04:00","2025-09-10 01:57:47","192.168.50.184","0","1","1","1","0","0","2025-09-09 13:52:30-04:00","1","1","","0","null","null","PGkgY2xhc3M9ImZhIGZhLWNvbXB1dGVyIj48L2k+","7adbdb5b-f88a-4b81-8bfd-4fd9030d2867","","","","UNFIMP","W1t7IkNVU1RQUk9QX2ljb24iOiJQR2tnWTJ4aGMzTTlJbVpoY3lCbVlTMTBjbUZ6YUMxaGJIUWlQand2YVQ0PSJ9LHsiQ1VTVFBST1BfdHlwZSI6ImRlbGV0ZV9kZXYifSx7IkNVU1RQUk9QX25hbWUiOiIifSx7IkNVU1RQUk9QX2FyZ3MiOiJEZWxldGUgZGV2aWNlIn0seyJDVVNUUFJPUF9ub3RlcyI6IiJ9LHsiQ1VTVFBST1Bfc2hvdyI6dHJ1ZX1dXQ==","None","[]","0"
"a2:c6:72:a8:fa:0c","iPhone","","Phone","","0","","","2025-09-09 13:52:17-04:00","2025-09-10 01:57:47","192.168.14.229","0","1","1","1","0","0","2025-09-09 13:52:30-04:00","1","1","","0","null","null","PGkgY2xhc3M9ImZhLWJyYW5kcyBmYS1hcHBsZSI+PC9pPg==","1f419622-16e1-4542-9a97-b775177b9266","","","","UNFIMP","W1t7IkNVU1RQUk9QX2ljb24iOiJQR2tnWTJ4aGMzTTlJbVpoY3lCbVlTMTBjbUZ6YUMxaGJIUWlQand2YVQ0PSJ9LHsiQ1VTVFBST1BfdHlwZSI6ImRlbGV0ZV9kZXYifSx7IkNVU1RQUk9QX25hbWUiOiIifSx7IkNVU1RQUk9QX2FyZ3MiOiJEZWxldGUgZGV2aWNlIn0seyJDVVNUUFJPUF9ub3RlcyI6IiJ9LHsiQ1VTVFBST1Bfc2hvdyI6dHJ1ZX1dXQ==","None","[]","0"
"02:67:6a:20:fa:ef","null","","","","0","","","2025-09-09 13:52:17-04:00","2025-09-10 01:57:47","0.0.0.0","0","1","1","1","0","0","2025-09-09 13:52:30-04:00","1","1","","0","null","null","PGkgY2xhc3M9ImZhIGZhLWNvbXB1dGVyIj48L2k+","260c3130-cc23-43cd-a795-d1ea3c812086","","","","UNFIMP","W1t7IkNVU1RQUk9QX2ljb24iOiJQR2tnWTJ4aGMzTTlJbVpoY3lCbVlTMTBjbUZ6YUMxaGJIUWlQand2YVQ0PSJ9LHsiQ1VTVFBST1BfdHlwZSI6ImRlbGV0ZV9kZXYifSx7IkNVU1RQUk9QX25hbWUiOiIifSx7IkNVU1RQUk9QX2FyZ3MiOiJEZWxldGUgZGV2aWNlIn0seyJDVVNUUFJPUF9ub3RlcyI6IiJ9LHsiQ1VTVFBST1Bfc2hvdyI6dHJ1ZX1dXQ==","None","[]","0"
"ce:66:a5:1a:ad:1b","iPad","","Phone","","0","","","2025-09-09 13:52:17-04:00","2025-09-10 01:57:47","192.168.11.89","0","1","1","1","0","0","2025-09-09 13:52:30-04:00","1","1","","0","null","null","PGkgY2xhc3M9ImZhLWJyYW5kcyBmYS1hcHBsZSI+PC9pPg==","6f6dbb84-6d12-4f5d-a5a5-5d047eea585e","","","","UNFIMP","W1t7IkNVU1RQUk9QX2ljb24iOiJQR2tnWTJ4aGMzTTlJbVpoY3lCbVlTMTBjbUZ6YUMxaGJIUWlQand2YVQ0PSJ9LHsiQ1VTVFBST1BfdHlwZSI6ImRlbGV0ZV9kZXYifSx7IkNVU1RQUk9QX25hbWUiOiIifSx7IkNVU1RQUk9QX2FyZ3MiOiJEZWxldGUgZGV2aWNlIn0seyJDVVNUUFJPUF9ub3RlcyI6IiJ9LHsiQ1VTVFBST1Bfc2hvdyI6dHJ1ZX1dXQ==","None","[]","0"
"32:59:f0:1f:58:27","null","","","","0","","","2025-09-09 13:52:17-04:00","2025-09-10 01:57:47","0.0.0.0","0","1","1","1","0","0","2025-09-09 13:52:30-04:00","1","1","","0","null","null","PGkgY2xhc3M9ImZhIGZhLWNvbXB1dGVyIj48L2k+","453f8c1c-47fe-4ee4-b2fa-aa56cf422692","","","","UNFIMP","W1t7IkNVU1RQUk9QX2ljb24iOiJQR2tnWTJ4aGMzTTlJbVpoY3lCbVlTMTBjbUZ6YUMxaGJIUWlQand2YVQ0PSJ9LHsiQ1VTVFBST1BfdHlwZSI6ImRlbGV0ZV9kZXYifSx7IkNVU1RQUk9QX25hbWUiOiIifSx7IkNVU1RQUk9QX2FyZ3MiOiJEZWxldGUgZGV2aWNlIn0seyJDVVNUUFJPUF9ub3RlcyI6IiJ9LHsiQ1VTVFBST1Bfc2hvdyI6dHJ1ZX1dXQ==","None","[]","0"
"22:3b:f8:66:7d:fe","null","","","","0","","","2025-09-09 13:52:17-04:00","2025-09-10 01:57:47","0.0.0.0","0","1","1","1","0","0","2025-09-09 13:52:30-04:00","1","1","","0","null","null","PGkgY2xhc3M9ImZhIGZhLWNvbXB1dGVyIj48L2k+","40fc45a4-fe0b-42f8-a421-f6a5bde503d4","","","","UNFIMP","W1t7IkNVU1RQUk9QX2ljb24iOiJQR2tnWTJ4aGMzTTlJbVpoY3lCbVlTMTBjbUZ6YUMxaGJIUWlQand2YVQ0PSJ9LHsiQ1VTVFBST1BfdHlwZSI6ImRlbGV0ZV9kZXYifSx7IkNVU1RQUk9QX25hbWUiOiIifSx7IkNVU1RQUk9QX2FyZ3MiOiJEZWxldGUgZGV2aWNlIn0seyJDVVNUUFJPUF9ub3RlcyI6IiJ9LHsiQ1VTVFBST1Bfc2hvdyI6dHJ1ZX1dXQ==","None","[]","0"
"0a:1e:b0:12:b7:cc","null","","","","0","","","2025-09-09 13:52:17-04:00","2025-09-10 01:57:47","0.0.0.0","0","1","1","1","0","0","2025-09-09 13:52:30-04:00","1","1","","0","null","null","PGkgY2xhc3M9ImZhIGZhLWNvbXB1dGVyIj48L2k+","d45a0a81-5eb3-4fd0-9b02-62e12740204d","","","","UNFIMP","W1t7IkNVU1RQUk9QX2ljb24iOiJQR2tnWTJ4aGMzTTlJbVpoY3lCbVlTMTBjbUZ6YUMxaGJIUWlQand2YVQ0PSJ9LHsiQ1VTVFBST1BfdHlwZSI6ImRlbGV0ZV9kZXYifSx7IkNVU1RQUk9QX25hbWUiOiIifSx7IkNVU1RQUk9QX2FyZ3MiOiJEZWxldGUgZGV2aWNlIn0seyJDVVNUUFJPUF9ub3RlcyI6IiJ9LHsiQ1VTVFBST1Bfc2hvdyI6dHJ1ZX1dXQ==","None","[]","0"
"36:d2:ab:9a:53:cb","iPhone","","Phone","","0","","","2025-09-09 13:52:17-04:00","2025-09-10 01:57:47","192.168.23.153","0","1","1","1","0","0","2025-09-09 13:52:30-04:00","1","1","","0","null","null","PGkgY2xhc3M9ImZhLWJyYW5kcyBmYS1hcHBsZSI+PC9pPg==","0cf0e5cb-2752-495c-8a8f-d3f4818fde01","","","","UNFIMP","W1t7IkNVU1RQUk9QX2ljb24iOiJQR2tnWTJ4aGMzTTlJbVpoY3lCbVlTMTBjbUZ6YUMxaGJIUWlQand2YVQ0PSJ9LHsiQ1VTVFBST1BfdHlwZSI6ImRlbGV0ZV9kZXYifSx7IkNVU1RQUk9QX25hbWUiOiIifSx7IkNVU1RQUk9QX2FyZ3MiOiJEZWxldGUgZGV2aWNlIn0seyJDVVNUUFJPUF9ub3RlcyI6IiJ9LHsiQ1VTVFBST1Bfc2hvdyI6dHJ1ZX1dXQ==","None","[]","0"
"76:22:7e:de:dd:9f","iPhone","","Phone","","0","","","2025-09-09 13:52:17-04:00","2025-09-10 01:57:47","192.168.23.138","0","1","1","1","0","0","2025-09-09 13:52:30-04:00","1","1","","0","null","null","PGkgY2xhc3M9ImZhLWJyYW5kcyBmYS1hcHBsZSI+PC9pPg==","e5950cc6-38e6-454d-8480-e5ad0a8cb861","","","","UNFIMP","W1t7IkNVU1RQUk9QX2ljb24iOiJQR2tnWTJ4aGMzTTlJbVpoY3lCbVlTMTBjbUZ6YUMxaGJIUWlQand2YVQ0PSJ9LHsiQ1VTVFBST1BfdHlwZSI6ImRlbGV0ZV9kZXYifSx7IkNVU1RQUk9QX25hbWUiOiIifSx7IkNVU1RQUk9QX2FyZ3MiOiJEZWxldGUgZGV2aWNlIn0seyJDVVNUUFJPUF9ub3RlcyI6IiJ9LHsiQ1VTVFBST1Bfc2hvdyI6dHJ1ZX1dXQ==","None","[]","0"
"a2:66:3a:78:c9:ea","null","","","","0","","","2025-09-09 13:52:17-04:00","2025-09-10 01:57:47","0.0.0.0","0","1","1","1","0","0","2025-09-09 13:52:30-04:00","1","1","","0","null","null","PGkgY2xhc3M9ImZhIGZhLWNvbXB1dGVyIj48L2k+","e7e2f78a-ebce-465e-9cf4-c06fbbee490f","","","","UNFIMP","W1t7IkNVU1RQUk9QX2ljb24iOiJQR2tnWTJ4aGMzTTlJbVpoY3lCbVlTMTBjbUZ6YUMxaGJIUWlQand2YVQ0PSJ9LHsiQ1VTVFBST1BfdHlwZSI6ImRlbGV0ZV9kZXYifSx7IkNVU1RQUk9QX25hbWUiOiIifSx7IkNVU1RQUk9QX2FyZ3MiOiJEZWxldGUgZGV2aWNlIn0seyJDVVNUUFJPUF9ub3RlcyI6IiJ9LHsiQ1VTVFBST1Bfc2hvdyI6dHJ1ZX1dXQ==","None","[]","0"
"5a:a8:09:50:66:a7","null","","","","0","","","2025-09-09 13:52:17-04:00","2025-09-10 01:57:47","0.0.0.0","0","1","1","1","0","0","2025-09-09 13:52:30-04:00","1","1","","0","null","null","PGkgY2xhc3M9ImZhIGZhLWNvbXB1dGVyIj48L2k+","8e55fd2b-749f-49f1-95ce-51201f9a3802","","","","UNFIMP","W1t7IkNVU1RQUk9QX2ljb24iOiJQR2tnWTJ4aGMzTTlJbVpoY3lCbVlTMTBjbUZ6YUMxaGJIUWlQand2YVQ0PSJ9LHsiQ1VTVFBST1BfdHlwZSI6ImRlbGV0ZV9kZXYifSx7IkNVU1RQUk9QX25hbWUiOiIifSx7IkNVU1RQUk9QX2FyZ3MiOiJEZWxldGUgZGV2aWNlIn0seyJDVVNUUFJPUF9ub3RlcyI6IiJ9LHsiQ1VTVFBST1Bfc2hvdyI6dHJ1ZX1dXQ==","None","[]","0"
"8a:4e:c7:0d:ca:e6","null","","","","0","","","2025-09-09 13:52:17-04:00","2025-09-10 01:57:47","0.0.0.0","0","1","1","1","0","0","2025-09-09 13:52:30-04:00","1","1","","0","null","null","PGkgY2xhc3M9ImZhIGZhLWNvbXB1dGVyIj48L2k+","dec32137-c825-429b-a1f7-c80067a39203","","","","UNFIMP","W1t7IkNVU1RQUk9QX2ljb24iOiJQR2tnWTJ4aGMzTTlJbVpoY3lCbVlTMTBjbUZ6YUMxaGJIUWlQand2YVQ0PSJ9LHsiQ1VTVFBST1BfdHlwZSI6ImRlbGV0ZV9kZXYifSx7IkNVU1RQUk9QX25hbWUiOiIifSx7IkNVU1RQUk9QX2FyZ3MiOiJEZWxldGUgZGV2aWNlIn0seyJDVVNUUFJPUF9ub3RlcyI6IiJ9LHsiQ1VTVFBST1Bfc2hvdyI6dHJ1ZX1dXQ==","None","[]","0"
"0c:85:e1:a8:ce:63","null","","","","0","","","2025-09-09 13:52:17-04:00","2025-09-10 01:57:47","0.0.0.0","0","1","1","1","0","0","2025-09-09 13:52:30-04:00","1","1","","0","null","null","PGkgY2xhc3M9ImZhIGZhLWNvbXB1dGVyIj48L2k+","39f1444e-77b0-47ee-b098-38f7964ed0d0","","","","UNFIMP","W1t7IkNVU1RQUk9QX2ljb24iOiJQR2tnWTJ4aGMzTTlJbVpoY3lCbVlTMTBjbUZ6YUMxaGJIUWlQand2YVQ0PSJ9LHsiQ1VTVFBST1BfdHlwZSI6ImRlbGV0ZV9kZXYifSx7IkNVU1RQUk9QX25hbWUiOiIifSx7IkNVU1RQUk9QX2FyZ3MiOiJEZWxldGUgZGV2aWNlIn0seyJDVVNUUFJPUF9ub3RlcyI6IiJ9LHsiQ1VTVFBST1Bfc2hvdyI6dHJ1ZX1dXQ==","None","[]","0"
"e2:08:bc:cf:8a:11","null","","","","0","","","2025-09-09 13:52:17-04:00","2025-09-10 01:57:47","0.0.0.0","0","1","1","1","0","0","2025-09-09 13:52:30-04:00","1","1","","0","null","null","PGkgY2xhc3M9ImZhIGZhLWNvbXB1dGVyIj48L2k+","73a16016-4afd-47c1-bc04-cf6ca452ad24","","","","UNFIMP","W1t7IkNVU1RQUk9QX2ljb24iOiJQR2tnWTJ4aGMzTTlJbVpoY3lCbVlTMTBjbUZ6YUMxaGJIUWlQand2YVQ0PSJ9LHsiQ1VTVFBST1BfdHlwZSI6ImRlbGV0ZV9kZXYifSx7IkNVU1RQUk9QX25hbWUiOiIifSx7IkNVU1RQUk9QX2FyZ3MiOiJEZWxldGUgZGV2aWNlIn0seyJDVVNUUFJPUF9ub3RlcyI6IiJ9LHsiQ1VTVFBST1Bfc2hvdyI6dHJ1ZX1dXQ==","None","[]","0"
"d2:b6:14:a9:8a:87","iPhone","","Phone","","0","","","2025-09-09 13:52:17-04:00","2025-09-10 01:57:47","192.168.6.149","0","1","1","1","0","0","2025-09-09 13:52:30-04:00","1","1","","0","null","null","PGkgY2xhc3M9ImZhLWJyYW5kcyBmYS1hcHBsZSI+PC9pPg==","6151f99b-c42d-4b62-a677-c13ab0257df1","","","","UNFIMP","W1t7IkNVU1RQUk9QX2ljb24iOiJQR2tnWTJ4aGMzTTlJbVpoY3lCbVlTMTBjbUZ6YUMxaGJIUWlQand2YVQ0PSJ9LHsiQ1VTVFBST1BfdHlwZSI6ImRlbGV0ZV9kZXYifSx7IkNVU1RQUk9QX25hbWUiOiIifSx7IkNVU1RQUk9QX2FyZ3MiOiJEZWxldGUgZGV2aWNlIn0seyJDVVNUUFJPUF9ub3RlcyI6IiJ9LHsiQ1VTVFBST1Bfc2hvdyI6dHJ1ZX1dXQ==","None","[]","0"
"0a:fe:d1:a5:58:81","null","","","","0","","","2025-09-09 13:52:17-04:00","2025-09-10 01:57:47","0.0.0.0","0","1","1","1","0","0","2025-09-09 13:52:30-04:00","1","1","","0","null","null","PGkgY2xhc3M9ImZhIGZhLWNvbXB1dGVyIj48L2k+","eff6f584-efc0-4b4a-b5f0-e12c22f3b3b6","","","","UNFIMP","W1t7IkNVU1RQUk9QX2ljb24iOiJQR2tnWTJ4aGMzTTlJbVpoY3lCbVlTMTBjbUZ6YUMxaGJIUWlQand2YVQ0PSJ9LHsiQ1VTVFBST1BfdHlwZSI6ImRlbGV0ZV9kZXYifSx7IkNVU1RQUk9QX25hbWUiOiIifSx7IkNVU1RQUk9QX2FyZ3MiOiJEZWxldGUgZGV2aWNlIn0seyJDVVNUUFJPUF9ub3RlcyI6IiJ9LHsiQ1VTVFBST1Bfc2hvdyI6dHJ1ZX1dXQ==","None","[]","0"
"ce:b6:8b:05:10:20","iPhone","","Phone","","0","","","2025-09-09 13:52:17-04:00","2025-09-10 01:57:47","192.168.14.22","0","1","1","1","0","0","2025-09-09 13:52:30-04:00","1","1","","0","null","null","PGkgY2xhc3M9ImZhLWJyYW5kcyBmYS1hcHBsZSI+PC9pPg==","b65c5487-6aa2-4d87-b9c4-fce28728580b","","","","UNFIMP","W1t7IkNVU1RQUk9QX2ljb24iOiJQR2tnWTJ4aGMzTTlJbVpoY3lCbVlTMTBjbUZ6YUMxaGJIUWlQand2YVQ0PSJ9LHsiQ1VTVFBST1BfdHlwZSI6ImRlbGV0ZV9kZXYifSx7IkNVU1RQUk9QX25hbWUiOiIifSx7IkNVU1RQUk9QX2FyZ3MiOiJEZWxldGUgZGV2aWNlIn0seyJDVVNUUFJPUF9ub3RlcyI6IiJ9LHsiQ1VTVFBST1Bfc2hvdyI6dHJ1ZX1dXQ==","None","[]","0"
"92:e3:d7:02:5f:cb","null","","","","0","","","2025-09-09 13:52:17-04:00","2025-09-10 01:57:47","0.0.0.0","0","1","1","1","0","0","2025-09-09 13:52:30-04:00","1","1","","0","null","null","PGkgY2xhc3M9ImZhIGZhLWNvbXB1dGVyIj48L2k+","da06f260-b8cb-45ad-87c9-befa30e29620","","","","UNFIMP","W1t7IkNVU1RQUk9QX2ljb24iOiJQR2tnWTJ4aGMzTTlJbVpoY3lCbVlTMTBjbUZ6YUMxaGJIUWlQand2YVQ0PSJ9LHsiQ1VTVFBST1BfdHlwZSI6ImRlbGV0ZV9kZXYifSx7IkNVU1RQUk9QX25hbWUiOiIifSx7IkNVU1RQUk9QX2FyZ3MiOiJEZWxldGUgZGV2aWNlIn0seyJDVVNUUFJPUF9ub3RlcyI6IiJ9LHsiQ1VTVFBST1Bfc2hvdyI6dHJ1ZX1dXQ==","None","[]","0"
"d0:d2:3c:cb:d2:8e","null","","Phone","Apple, Inc.","0","","","2025-09-09 13:52:17-04:00","2025-09-10 01:57:47","0.0.0.0","0","1","1","1","0","0","2025-09-09 13:52:30-04:00","1","1","","0","null","null","PGkgY2xhc3M9ImZhLWJyYW5kcyBmYS1hcHBsZSI+PC9pPg==","2f6e559a-fd5f-4b08-88a0-397e0801f312","","","","UNFIMP","W1t7IkNVU1RQUk9QX2ljb24iOiJQR2tnWTJ4aGMzTTlJbVpoY3lCbVlTMTBjbUZ6YUMxaGJIUWlQand2YVQ0PSJ9LHsiQ1VTVFBST1BfdHlwZSI6ImRlbGV0ZV9kZXYifSx7IkNVU1RQUk9QX25hbWUiOiIifSx7IkNVU1RQUk9QX2FyZ3MiOiJEZWxldGUgZGV2aWNlIn0seyJDVVNUUFJPUF9ub3RlcyI6IiJ9LHsiQ1VTVFBST1Bfc2hvdyI6dHJ1ZX1dXQ==","None","[]","0"
"76:21:52:7d:7c:69","null","","","","0","","","2025-09-09 13:52:17-04:00","2025-09-10 01:57:47","0.0.0.0","0","1","1","1","0","0","2025-09-09 13:52:30-04:00","1","1","","0","null","null","PGkgY2xhc3M9ImZhIGZhLWNvbXB1dGVyIj48L2k+","59d2e340-fe8a-417f-9755-e4f628d7ef9e","","","","UNFIMP","W1t7IkNVU1RQUk9QX2ljb24iOiJQR2tnWTJ4aGMzTTlJbVpoY3lCbVlTMTBjbUZ6YUMxaGJIUWlQand2YVQ0PSJ9LHsiQ1VTVFBST1BfdHlwZSI6ImRlbGV0ZV9kZXYifSx7IkNVU1RQUk9QX25hbWUiOiIifSx7IkNVU1RQUk9QX2FyZ3MiOiJEZWxldGUgZGV2aWNlIn0seyJDVVNUUFJPUF9ub3RlcyI6IiJ9LHsiQ1VTVFBST1Bfc2hvdyI6dHJ1ZX1dXQ==","None","[]","0"
"5a:b6:c6:41:e2:a3","iPhone","","Phone","","0","","","2025-09-09 13:52:17-04:00","2025-09-10 01:57:47","192.168.6.165","0","1","1","1","0","0","2025-09-09 13:52:30-04:00","1","1","","0","null","null","PGkgY2xhc3M9ImZhLWJyYW5kcyBmYS1hcHBsZSI+PC9pPg==","a0a25abd-f52e-41ec-ad39-c8ac39d154a8","","","","UNFIMP","W1t7IkNVU1RQUk9QX2ljb24iOiJQR2tnWTJ4aGMzTTlJbVpoY3lCbVlTMTBjbUZ6YUMxaGJIUWlQand2YVQ0PSJ9LHsiQ1VTVFBST1BfdHlwZSI6ImRlbGV0ZV9kZXYifSx7IkNVU1RQUk9QX25hbWUiOiIifSx7IkNVU1RQUk9QX2FyZ3MiOiJEZWxldGUgZGV2aWNlIn0seyJDVVNUUFJPUF9ub3RlcyI6IiJ9LHsiQ1VTVFBST1Bfc2hvdyI6dHJ1ZX1dXQ==","None","[]","0"
"40:a9:cf:d9:a3:94","null","","Smart Speaker","Amazon Technologies Inc.","0","","","2025-09-09 13:52:17-04:00","2025-09-10 01:57:47","192.168.23.208","0","1","1","1","0","0","2025-09-09 13:52:30-04:00","1","1","","0","null","null","PGkgY2xhc3M9ImZhIGZhLXZvbHVtZS11cCI+PC9pPg==","42cf717a-b984-444f-8899-e374a1bd5429","","","","UNFIMP","W1t7IkNVU1RQUk9QX2ljb24iOiJQR2tnWTJ4aGMzTTlJbVpoY3lCbVlTMTBjbUZ6YUMxaGJIUWlQand2YVQ0PSJ9LHsiQ1VTVFBST1BfdHlwZSI6ImRlbGV0ZV9kZXYifSx7IkNVU1RQUk9QX25hbWUiOiIifSx7IkNVU1RQUk9QX2FyZ3MiOiJEZWxldGUgZGV2aWNlIn0seyJDVVNUUFJPUF9ub3RlcyI6IiJ9LHsiQ1VTVFBST1Bfc2hvdyI6dHJ1ZX1dXQ==","None","[]","0"
"3a:23:f9:99:d6:05","Pixel-3-XL","","Phone","","0","","","2025-09-09 13:52:17-04:00","2025-09-10 01:57:47","192.168.23.227","0","1","1","1","0","0","2025-09-09 13:52:30-04:00","1","1","","0","null","null","PGkgY2xhc3M9ImZhLWJyYW5kcyBmYS1hcHBsZSI+PC9pPg==","a889c4d7-f07c-460d-81e0-2299b0359a98","","","","UNFIMP","W1t7IkNVU1RQUk9QX2ljb24iOiJQR2tnWTJ4aGMzTTlJbVpoY3lCbVlTMTBjbUZ6YUMxaGJIUWlQand2YVQ0PSJ9LHsiQ1VTVFBST1BfdHlwZSI6ImRlbGV0ZV9kZXYifSx7IkNVU1RQUk9QX25hbWUiOiIifSx7IkNVU1RQUk9QX2FyZ3MiOiJEZWxldGUgZGV2aWNlIn0seyJDVVNUUFJPUF9ub3RlcyI6IiJ9LHsiQ1VTVFBST1Bfc2hvdyI6dHJ1ZX1dXQ==","None","[]","0"
"c2:bd:29:74:de:66","null","","","","0","","","2025-09-09 13:52:17-04:00","2025-09-10 01:57:47","0.0.0.0","0","1","1","1","0","0","2025-09-09 13:52:30-04:00","1","1","","0","null","null","PGkgY2xhc3M9ImZhIGZhLWNvbXB1dGVyIj48L2k+","9edc33b1-577c-4d9a-b469-e094cc76758c","","","","UNFIMP","W1t7IkNVU1RQUk9QX2ljb24iOiJQR2tnWTJ4aGMzTTlJbVpoY3lCbVlTMTBjbUZ6YUMxaGJIUWlQand2YVQ0PSJ9LHsiQ1VTVFBST1BfdHlwZSI6ImRlbGV0ZV9kZXYifSx7IkNVU1RQUk9QX25hbWUiOiIifSx7IkNVU1RQUk9QX2FyZ3MiOiJEZWxldGUgZGV2aWNlIn0seyJDVVNUUFJPUF9ub3RlcyI6IiJ9LHsiQ1VTVFBST1Bfc2hvdyI6dHJ1ZX1dXQ==","None","[]","0"
"4e:f0:98:b5:1f:d9","null","","","","0","","","2025-09-09 13:52:17-04:00","2025-09-10 01:57:47","0.0.0.0","0","1","1","1","0","0","2025-09-09 13:52:30-04:00","1","1","","0","null","null","PGkgY2xhc3M9ImZhIGZhLWNvbXB1dGVyIj48L2k+","80870c48-04d9-43f1-91fd-a5ac154070da","","","","UNFIMP","W1t7IkNVU1RQUk9QX2ljb24iOiJQR2tnWTJ4aGMzTTlJbVpoY3lCbVlTMTBjbUZ6YUMxaGJIUWlQand2YVQ0PSJ9LHsiQ1VTVFBST1BfdHlwZSI6ImRlbGV0ZV9kZXYifSx7IkNVU1RQUk9QX25hbWUiOiIifSx7IkNVU1RQUk9QX2FyZ3MiOiJEZWxldGUgZGV2aWNlIn0seyJDVVNUUFJPUF9ub3RlcyI6IiJ9LHsiQ1VTVFBST1Bfc2hvdyI6dHJ1ZX1dXQ==","None","[]","0"
"f2:50:55:d8:66:d4","Alexandria-s-S23","","Smart Speaker","","0","","","2025-09-09 13:52:17-04:00","2025-09-10 01:57:47","192.168.14.24","0","1","1","1","0","0","2025-09-09 13:52:30-04:00","1","1","","0","null","null","PGkgY2xhc3M9ImZhIGZhLXZvbHVtZS11cCI+PC9pPg==","10f35b47-d3b4-4ecc-9d7a-a5b06b8ef433","","","","UNFIMP","W1t7IkNVU1RQUk9QX2ljb24iOiJQR2tnWTJ4aGMzTTlJbVpoY3lCbVlTMTBjbUZ6YUMxaGJIUWlQand2YVQ0PSJ9LHsiQ1VTVFBST1BfdHlwZSI6ImRlbGV0ZV9kZXYifSx7IkNVU1RQUk9QX25hbWUiOiIifSx7IkNVU1RQUk9QX2FyZ3MiOiJEZWxldGUgZGV2aWNlIn0seyJDVVNUUFJPUF9ub3RlcyI6IiJ9LHsiQ1VTVFBST1Bfc2hvdyI6dHJ1ZX1dXQ==","None","[]","0"
"c2:09:9d:b8:4a:d0","Alexandria-s-S23","","Smart Speaker","","0","","","2025-09-09 13:52:17-04:00","2025-09-10 01:57:47","192.168.11.41","0","1","1","1","0","0","2025-09-09 13:52:30-04:00","1","1","","0","null","null","PGkgY2xhc3M9ImZhIGZhLXZvbHVtZS11cCI+PC9pPg==","9b0a6593-19fc-4eaa-b67f-88fc02554441","","","","UNFIMP","W1t7IkNVU1RQUk9QX2ljb24iOiJQR2tnWTJ4aGMzTTlJbVpoY3lCbVlTMTBjbUZ6YUMxaGJIUWlQand2YVQ0PSJ9LHsiQ1VTVFBST1BfdHlwZSI6ImRlbGV0ZV9kZXYifSx7IkNVU1RQUk9QX25hbWUiOiIifSx7IkNVU1RQUk9QX2FyZ3MiOiJEZWxldGUgZGV2aWNlIn0seyJDVVNUUFJPUF9ub3RlcyI6IiJ9LHsiQ1VTVFBST1Bfc2hvdyI6dHJ1ZX1dXQ==","None","[]","0"
"e6:54:fd:87:fc:60","iPad","","Phone","","0","","","2025-09-09 13:52:17-04:00","2025-09-10 01:57:47","192.168.11.76","0","1","1","1","0","0","2025-09-09 13:52:30-04:00","1","1","","0","null","null","PGkgY2xhc3M9ImZhLWJyYW5kcyBmYS1hcHBsZSI+PC9pPg==","78d80fd6-4dd0-4d43-a433-3dc70946b1b0","","","","UNFIMP","W1t7IkNVU1RQUk9QX2ljb24iOiJQR2tnWTJ4aGMzTTlJbVpoY3lCbVlTMTBjbUZ6YUMxaGJIUWlQand2YVQ0PSJ9LHsiQ1VTVFBST1BfdHlwZSI6ImRlbGV0ZV9kZXYifSx7IkNVU1RQUk9QX25hbWUiOiIifSx7IkNVU1RQUk9QX2FyZ3MiOiJEZWxldGUgZGV2aWNlIn0seyJDVVNUUFJPUF9ub3RlcyI6IiJ9LHsiQ1VTVFBST1Bfc2hvdyI6dHJ1ZX1dXQ==","None","[]","0"
"96:63:78:59:11:17","null","","","","0","","","2025-09-09 13:52:17-04:00","2025-09-10 01:57:47","192.168.11.6","0","1","1","1","0","0","2025-09-09 13:52:30-04:00","1","1","","0","null","null","PGkgY2xhc3M9ImZhIGZhLWNvbXB1dGVyIj48L2k+","a3317ecc-d8da-4674-8c28-1dfe09786a84","","","","UNFIMP","W1t7IkNVU1RQUk9QX2ljb24iOiJQR2tnWTJ4aGMzTTlJbVpoY3lCbVlTMTBjbUZ6YUMxaGJIUWlQand2YVQ0PSJ9LHsiQ1VTVFBST1BfdHlwZSI6ImRlbGV0ZV9kZXYifSx7IkNVU1RQUk9QX25hbWUiOiIifSx7IkNVU1RQUk9QX2FyZ3MiOiJEZWxldGUgZGV2aWNlIn0seyJDVVNUUFJPUF9ub3RlcyI6IiJ9LHsiQ1VTVFBST1Bfc2hvdyI6dHJ1ZX1dXQ==","None","[]","0"
"96:4a:07:d2:14:ea","null","","","","0","","","2025-09-09 13:52:17-04:00","2025-09-10 01:57:47","192.168.23.193","0","1","1","1","0","0","2025-09-09 13:52:30-04:00","1","1","","0","null","null","PGkgY2xhc3M9ImZhIGZhLWNvbXB1dGVyIj48L2k+","7bb8b511-1c9d-459e-8ccf-e727eaafd26b","","","","UNFIMP","W1t7IkNVU1RQUk9QX2ljb24iOiJQR2tnWTJ4aGMzTTlJbVpoY3lCbVlTMTBjbUZ6YUMxaGJIUWlQand2YVQ0PSJ9LHsiQ1VTVFBST1BfdHlwZSI6ImRlbGV0ZV9kZXYifSx7IkNVU1RQUk9QX25hbWUiOiIifSx7IkNVU1RQUk9QX2FyZ3MiOiJEZWxldGUgZGV2aWNlIn0seyJDVVNUUFJPUF9ub3RlcyI6IiJ9LHsiQ1VTVFBST1Bfc2hvdyI6dHJ1ZX1dXQ==","None","[]","0"
"04:cf:4b:10:f6:e9","3FLS2T3-AAD","","","Intel Corporate","0","","","2025-09-09 13:52:17-04:00","2025-09-10 01:57:47","192.168.23.112","0","1","1","1","0","0","2025-09-09 13:52:30-04:00","1","1","","0","null","null","PGkgY2xhc3M9ImZhIGZhLWNvbXB1dGVyIj48L2k+","abe42dc6-fc0d-40b9-bc64-fddbcf9413ba","","","","UNFIMP","W1t7IkNVU1RQUk9QX2ljb24iOiJQR2tnWTJ4aGMzTTlJbVpoY3lCbVlTMTBjbUZ6YUMxaGJIUWlQand2YVQ0PSJ9LHsiQ1VTVFBST1BfdHlwZSI6ImRlbGV0ZV9kZXYifSx7IkNVU1RQUk9QX25hbWUiOiIifSx7IkNVU1RQUk9QX2FyZ3MiOiJEZWxldGUgZGV2aWNlIn0seyJDVVNUUFJPUF9ub3RlcyI6IiJ9LHsiQ1VTVFBST1Bfc2hvdyI6dHJ1ZX1dXQ==","None","[]","0"
"ce:d0:de:be:3d:22","MIKO3","","","","0","","","2025-09-09 13:52:17-04:00","2025-09-10 01:57:47","192.168.23.205","0","1","1","1","0","0","2025-09-09 13:52:30-04:00","1","1","","0","null","null","PGkgY2xhc3M9ImZhIGZhLWNvbXB1dGVyIj48L2k+","1a1cbe25-4d49-49a9-b8c6-9bcbfc9fae17","","","","UNFIMP","W1t7IkNVU1RQUk9QX2ljb24iOiJQR2tnWTJ4aGMzTTlJbVpoY3lCbVlTMTBjbUZ6YUMxaGJIUWlQand2YVQ0PSJ9LHsiQ1VTVFBST1BfdHlwZSI6ImRlbGV0ZV9kZXYifSx7IkNVU1RQUk9QX25hbWUiOiIifSx7IkNVU1RQUk9QX2FyZ3MiOiJEZWxldGUgZGV2aWNlIn0seyJDVVNUUFJPUF9ub3RlcyI6IiJ9LHsiQ1VTVFBST1Bfc2hvdyI6dHJ1ZX1dXQ==","None","[]","0"
"62:d8:c6:a5:9f:a1","netalert","","","","0","","","2025-09-09 13:52:17-04:00","2025-09-10 01:57:47","192.168.50.16","0","1","1","1","0","0","2025-09-09 13:52:30-04:00","1","1","","0","null","null","PGkgY2xhc3M9ImZhIGZhLWNvbXB1dGVyIj48L2k+","fde09590-5210-44d9-8b03-dd028e246834","","","","UNFIMP","W1t7IkNVU1RQUk9QX2ljb24iOiJQR2tnWTJ4aGMzTTlJbVpoY3lCbVlTMTBjbUZ6YUMxaGJIUWlQand2YVQ0PSJ9LHsiQ1VTVFBST1BfdHlwZSI6ImRlbGV0ZV9kZXYifSx7IkNVU1RQUk9QX25hbWUiOiIifSx7IkNVU1RQUk9QX2FyZ3MiOiJEZWxldGUgZGV2aWNlIn0seyJDVVNUUFJPUF9ub3RlcyI6IiJ9LHsiQ1VTVFBST1Bfc2hvdyI6dHJ1ZX1dXQ==","None","[]","0"
"f6:c2:05:16:3a:87","netalert","","","","0","","","2025-09-09 13:52:17-04:00","2025-09-10 01:57:47","192.168.15.75","0","1","1","1","0","0","2025-09-09 13:52:30-04:00","1","1","","0","null","null","PGkgY2xhc3M9ImZhIGZhLWNvbXB1dGVyIj48L2k+","40e73be1-2730-4ba1-a49b-b5c9cbae0bc1","","","","UNFIMP","W1t7IkNVU1RQUk9QX2ljb24iOiJQR2tnWTJ4aGMzTTlJbVpoY3lCbVlTMTBjbUZ6YUMxaGJIUWlQand2YVQ0PSJ9LHsiQ1VTVFBST1BfdHlwZSI6ImRlbGV0ZV9kZXYifSx7IkNVU1RQUk9QX25hbWUiOiIifSx7IkNVU1RQUk9QX2FyZ3MiOiJEZWxldGUgZGV2aWNlIn0seyJDVVNUUFJPUF9ub3RlcyI6IiJ9LHsiQ1VTVFBST1Bfc2hvdyI6dHJ1ZX1dXQ==","None","[]","0"
"42:a8:4d:8c:84:23","netalert","","","","0","","","2025-09-09 13:52:17-04:00","2025-09-10 01:57:47","192.168.3.105","0","1","1","1","0","0","2025-09-09 13:52:30-04:00","1","1","","0","null","null","PGkgY2xhc3M9ImZhIGZhLWNvbXB1dGVyIj48L2k+","8494394d-4677-4f98-ad67-35b29c1fda8e","","","","UNFIMP","W1t7IkNVU1RQUk9QX2ljb24iOiJQR2tnWTJ4aGMzTTlJbVpoY3lCbVlTMTBjbUZ6YUMxaGJIUWlQand2YVQ0PSJ9LHsiQ1VTVFBST1BfdHlwZSI6ImRlbGV0ZV9kZXYifSx7IkNVU1RQUk9QX25hbWUiOiIifSx7IkNVU1RQUk9QX2FyZ3MiOiJEZWxldGUgZGV2aWNlIn0seyJDVVNUUFJPUF9ub3RlcyI6IiJ9LHsiQ1VTVFBST1Bfc2hvdyI6dHJ1ZX1dXQ==","None","[]","0"
"36:19:c5:98:f7:09","iPhone","","Phone","","0","","","2025-09-09 13:52:17-04:00","2025-09-10 01:57:47","192.168.14.176","0","1","1","1","0","0","2025-09-09 13:52:30-04:00","1","1","","0","null","null","PGkgY2xhc3M9ImZhLWJyYW5kcyBmYS1hcHBsZSI+PC9pPg==","88899c95-87b9-4fbb-9f79-f8412a0be18d","","","","UNFIMP","W1t7IkNVU1RQUk9QX2ljb24iOiJQR2tnWTJ4aGMzTTlJbVpoY3lCbVlTMTBjbUZ6YUMxaGJIUWlQand2YVQ0PSJ9LHsiQ1VTVFBST1BfdHlwZSI6ImRlbGV0ZV9kZXYifSx7IkNVU1RQUk9QX25hbWUiOiIifSx7IkNVU1RQUk9QX2FyZ3MiOiJEZWxldGUgZGV2aWNlIn0seyJDVVNUUFJPUF9ub3RlcyI6IiJ9LHsiQ1VTVFBST1Bfc2hvdyI6dHJ1ZX1dXQ==","None","[]","0"
"da:bd:de:be:30:64","MIKO3","","","","0","","","2025-09-09 13:52:17-04:00","2025-09-10 01:57:47","192.168.23.86","0","1","1","1","0","0","2025-09-09 13:52:30-04:00","1","1","","0","null","null","PGkgY2xhc3M9ImZhIGZhLWNvbXB1dGVyIj48L2k+","61efb495-2d5b-4731-8b70-646011b344b2","","","","UNFIMP","W1t7IkNVU1RQUk9QX2ljb24iOiJQR2tnWTJ4aGMzTTlJbVpoY3lCbVlTMTBjbUZ6YUMxaGJIUWlQand2YVQ0PSJ9LHsiQ1VTVFBST1BfdHlwZSI6ImRlbGV0ZV9kZXYifSx7IkNVU1RQUk9QX25hbWUiOiIifSx7IkNVU1RQUk9QX2FyZ3MiOiJEZWxldGUgZGV2aWNlIn0seyJDVVNUUFJPUF9ub3RlcyI6IiJ9LHsiQ1VTVFBST1Bfc2hvdyI6dHJ1ZX1dXQ==","None","[]","0"
"40:70:f5:2b:cb:a7","null","","Phone","Apple, Inc.","0","","","2025-09-09 13:52:17-04:00","2025-09-10 01:57:47","0.0.0.0","0","1","1","1","0","0","2025-09-09 13:52:30-04:00","1","1","","0","null","null","PGkgY2xhc3M9ImZhLWJyYW5kcyBmYS1hcHBsZSI+PC9pPg==","2c271518-cbbf-47c9-bc9d-2071ccf81eaa","","","","UNFIMP","W1t7IkNVU1RQUk9QX2ljb24iOiJQR2tnWTJ4aGMzTTlJbVpoY3lCbVlTMTBjbUZ6YUMxaGJIUWlQand2YVQ0PSJ9LHsiQ1VTVFBST1BfdHlwZSI6ImRlbGV0ZV9kZXYifSx7IkNVU1RQUk9QX25hbWUiOiIifSx7IkNVU1RQUk9QX2FyZ3MiOiJEZWxldGUgZGV2aWNlIn0seyJDVVNUUFJPUF9ub3RlcyI6IiJ9LHsiQ1VTVFBST1Bfc2hvdyI6dHJ1ZX1dXQ==","None","[]","0"
"ba:82:d0:ad:c1:a3","null","","","","0","","","2025-09-09 13:52:17-04:00","2025-09-10 01:57:47","0.0.0.0","0","1","1","1","0","0","2025-09-09 13:52:30-04:00","1","1","","0","null","null","PGkgY2xhc3M9ImZhIGZhLWNvbXB1dGVyIj48L2k+","8c944f3a-7687-4526-bf1d-dfa3cb931759","","","","UNFIMP","W1t7IkNVU1RQUk9QX2ljb24iOiJQR2tnWTJ4aGMzTTlJbVpoY3lCbVlTMTBjbUZ6YUMxaGJIUWlQand2YVQ0PSJ9LHsiQ1VTVFBST1BfdHlwZSI6ImRlbGV0ZV9kZXYifSx7IkNVU1RQUk9QX25hbWUiOiIifSx7IkNVU1RQUk9QX2FyZ3MiOiJEZWxldGUgZGV2aWNlIn0seyJDVVNUUFJPUF9ub3RlcyI6IiJ9LHsiQ1VTVFBST1Bfc2hvdyI6dHJ1ZX1dXQ==","None","[]","0"
"d6:7d:05:59:59:21","null","","","","0","","","2025-09-09 13:52:17-04:00","2025-09-10 01:57:47","0.0.0.0","0","1","1","1","0","0","2025-09-09 13:52:30-04:00","1","1","","0","null","null","PGkgY2xhc3M9ImZhIGZhLWNvbXB1dGVyIj48L2k+","0de12dd4-7d56-418e-932d-30ed92336e1b","","","","UNFIMP","W1t7IkNVU1RQUk9QX2ljb24iOiJQR2tnWTJ4aGMzTTlJbVpoY3lCbVlTMTBjbUZ6YUMxaGJIUWlQand2YVQ0PSJ9LHsiQ1VTVFBST1BfdHlwZSI6ImRlbGV0ZV9kZXYifSx7IkNVU1RQUk9QX25hbWUiOiIifSx7IkNVU1RQUk9QX2FyZ3MiOiJEZWxldGUgZGV2aWNlIn0seyJDVVNUUFJPUF9ub3RlcyI6IiJ9LHsiQ1VTVFBST1Bfc2hvdyI6dHJ1ZX1dXQ==","None","[]","0"
"2a:ac:64:f0:44:cd","null","","","","0","","","2025-09-09 13:52:17-04:00","2025-09-10 01:57:47","0.0.0.0","0","1","1","1","0","0","2025-09-09 13:52:30-04:00","1","1","","0","null","null","PGkgY2xhc3M9ImZhIGZhLWNvbXB1dGVyIj48L2k+","77ee0369-6d47-4e81-bf4b-5ef0f000fc6e","","","","UNFIMP","W1t7IkNVU1RQUk9QX2ljb24iOiJQR2tnWTJ4aGMzTTlJbVpoY3lCbVlTMTBjbUZ6YUMxaGJIUWlQand2YVQ0PSJ9LHsiQ1VTVFBST1BfdHlwZSI6ImRlbGV0ZV9kZXYifSx7IkNVU1RQUk9QX25hbWUiOiIifSx7IkNVU1RQUk9QX2FyZ3MiOiJEZWxldGUgZGV2aWNlIn0seyJDVVNUUFJPUF9ub3RlcyI6IiJ9LHsiQ1VTVFBST1Bfc2hvdyI6dHJ1ZX1dXQ==","None","[]","0"
"aa:f6:4e:bc:f3:0a","ubuntu-server","","Server","","0","","","2025-09-09 13:52:17-04:00","2025-09-10 01:57:47","192.168.50.149","0","1","1","1","0","0","2025-09-09 13:52:30-04:00","1","1","","0","null","null","PGkgY2xhc3M9ImZhIGZhLXNlcnZlciI+PC9pPg==","ff80f621-6640-4111-b4ec-13739914e83f","","","","UNFIMP","W1t7IkNVU1RQUk9QX2ljb24iOiJQR2tnWTJ4aGMzTTlJbVpoY3lCbVlTMTBjbUZ6YUMxaGJIUWlQand2YVQ0PSJ9LHsiQ1VTVFBST1BfdHlwZSI6ImRlbGV0ZV9kZXYifSx7IkNVU1RQUk9QX25hbWUiOiIifSx7IkNVU1RQUk9QX2FyZ3MiOiJEZWxldGUgZGV2aWNlIn0seyJDVVNUUFJPUF9ub3RlcyI6IiJ9LHsiQ1VTVFBST1Bfc2hvdyI6dHJ1ZX1dXQ==","None","[]","0"
"3a:b9:1d:ba:3d:91","ubuntu-server","","Server","","0","","","2025-09-09 13:52:17-04:00","2025-09-10 01:57:47","192.168.50.121","0","1","1","1","0","0","2025-09-09 13:52:30-04:00","1","1","","0","null","null","PGkgY2xhc3M9ImZhIGZhLXNlcnZlciI+PC9pPg==","0a297725-ae12-4ac6-8c53-7a4f7fd6f7e7","","","","UNFIMP","W1t7IkNVU1RQUk9QX2ljb24iOiJQR2tnWTJ4aGMzTTlJbVpoY3lCbVlTMTBjbUZ6YUMxaGJIUWlQand2YVQ0PSJ9LHsiQ1VTVFBST1BfdHlwZSI6ImRlbGV0ZV9kZXYifSx7IkNVU1RQUk9QX25hbWUiOiIifSx7IkNVU1RQUk9QX2FyZ3MiOiJEZWxldGUgZGV2aWNlIn0seyJDVVNUUFJPUF9ub3RlcyI6IiJ9LHsiQ1VTVFBST1Bfc2hvdyI6dHJ1ZX1dXQ==","None","[]","0"
"c2:93:0f:6c:3e:fa","ubuntu-server","","Server","","0","","","2025-09-09 13:52:17-04:00","2025-09-10 01:57:47","192.168.50.142","0","1","1","1","0","0","2025-09-09 13:52:30-04:00","1","1","","0","null","null","PGkgY2xhc3M9ImZhIGZhLXNlcnZlciI+PC9pPg==","87e7e1ec-f77a-4968-b03f-14d3102950e2","","","","UNFIMP","W1t7IkNVU1RQUk9QX2ljb24iOiJQR2tnWTJ4aGMzTTlJbVpoY3lCbVlTMTBjbUZ6YUMxaGJIUWlQand2YVQ0PSJ9LHsiQ1VTVFBST1BfdHlwZSI6ImRlbGV0ZV9kZXYifSx7IkNVU1RQUk9QX25hbWUiOiIifSx7IkNVU1RQUk9QX2FyZ3MiOiJEZWxldGUgZGV2aWNlIn0seyJDVVNUUFJPUF9ub3RlcyI6IiJ9LHsiQ1VTVFBST1Bfc2hvdyI6dHJ1ZX1dXQ==","None","[]","0"
"72:c8:70:39:41:f3","null","","","","0","","","2025-09-09 13:52:17-04:00","2025-09-10 01:57:47","0.0.0.0","0","1","1","1","0","0","2025-09-09 13:52:30-04:00","1","1","","0","null","null","PGkgY2xhc3M9ImZhIGZhLWNvbXB1dGVyIj48L2k+","0eb52f55-d17f-4a52-a26c-5c3d13bc8023","","","","UNFIMP","W1t7IkNVU1RQUk9QX2ljb24iOiJQR2tnWTJ4aGMzTTlJbVpoY3lCbVlTMTBjbUZ6YUMxaGJIUWlQand2YVQ0PSJ9LHsiQ1VTVFBST1BfdHlwZSI6ImRlbGV0ZV9kZXYifSx7IkNVU1RQUk9QX25hbWUiOiIifSx7IkNVU1RQUk9QX2FyZ3MiOiJEZWxldGUgZGV2aWNlIn0seyJDVVNUUFJPUF9ub3RlcyI6IiJ9LHsiQ1VTVFBST1Bfc2hvdyI6dHJ1ZX1dXQ==","None","[]","0"
"4a:ca:a6:b1:8f:27","iPhone","","Phone","","0","","","2025-09-09 13:52:17-04:00","2025-09-10 01:57:47","192.168.6.28","0","1","1","1","0","0","2025-09-09 13:52:30-04:00","1","1","","0","null","null","PGkgY2xhc3M9ImZhLWJyYW5kcyBmYS1hcHBsZSI+PC9pPg==","b05d1ccc-36f6-4598-aa4c-592212ec2298","","","","UNFIMP","W1t7IkNVU1RQUk9QX2ljb24iOiJQR2tnWTJ4aGMzTTlJbVpoY3lCbVlTMTBjbUZ6YUMxaGJIUWlQand2YVQ0PSJ9LHsiQ1VTVFBST1BfdHlwZSI6ImRlbGV0ZV9kZXYifSx7IkNVU1RQUk9QX25hbWUiOiIifSx7IkNVU1RQUk9QX2FyZ3MiOiJEZWxldGUgZGV2aWNlIn0seyJDVVNUUFJPUF9ub3RlcyI6IiJ9LHsiQ1VTVFBST1Bfc2hvdyI6dHJ1ZX1dXQ==","None","[]","0"
"02:2c:1d:6d:82:16","null","","","","0","","","2025-09-09 13:52:17-04:00","2025-09-10 01:57:47","192.168.3.251","0","1","1","1","0","0","2025-09-09 13:52:30-04:00","1","1","","0","null","null","PGkgY2xhc3M9ImZhIGZhLWNvbXB1dGVyIj48L2k+","3d3bb57f-8602-4489-80ed-c4c294386717","","","","UNFIMP","W1t7IkNVU1RQUk9QX2ljb24iOiJQR2tnWTJ4aGMzTTlJbVpoY3lCbVlTMTBjbUZ6YUMxaGJIUWlQand2YVQ0PSJ9LHsiQ1VTVFBST1BfdHlwZSI6ImRlbGV0ZV9kZXYifSx7IkNVU1RQUk9QX25hbWUiOiIifSx7IkNVU1RQUk9QX2FyZ3MiOiJEZWxldGUgZGV2aWNlIn0seyJDVVNUUFJPUF9ub3RlcyI6IiJ9LHsiQ1VTVFBST1Bfc2hvdyI6dHJ1ZX1dXQ==","None","[]","0"
"0e:fd:ea:70:b6:ea","iPhone","","Phone","","0","","","2025-09-09 15:57:18-04:00","2025-09-10 01:57:47","192.168.11.106","0","1","1","1","0","0","2025-09-09 15:57:29-04:00","1","1","","0","78:45:58:48:27:a0","2","PGkgY2xhc3M9ImZhLWJyYW5kcyBmYS1hcHBsZSI+PC9pPg==","4a8ddf96-d2af-4737-b2e4-96bfc4f1c2ef","","","","UNFIMP","W1t7IkNVU1RQUk9QX2ljb24iOiJQR2tnWTJ4aGMzTTlJbVpoY3lCbVlTMTBjbUZ6YUMxaGJIUWlQand2YVQ0PSJ9LHsiQ1VTVFBST1BfdHlwZSI6ImRlbGV0ZV9kZXYifSx7IkNVU1RQUk9QX25hbWUiOiIifSx7IkNVU1RQUk9QX2FyZ3MiOiJEZWxldGUgZGV2aWNlIn0seyJDVVNUUFJPUF9ub3RlcyI6IiJ9LHsiQ1VTVFBST1Bfc2hvdyI6dHJ1ZX1dXQ==","None","[]","0"
